id,fileName,gender,sameAs,links,nobelPrizes,knownName.en,knownName.se,givenName.en,givenName.se,familyName.en,familyName.se,fullName.en,fullName.se,birth.date,birth.place.city.en,birth.place.city.no,birth.place.city.se,birth.place.country.en,birth.place.country.no,birth.place.country.se,birth.place.cityNow.en,birth.place.cityNow.no,birth.place.cityNow.se,birth.place.cityNow.sameAs,birth.place.cityNow.latitude,birth.place.cityNow.longitude,birth.place.countryNow.en,birth.place.countryNow.no,birth.place.countryNow.se,birth.place.countryNow.sameAs,birth.place.countryNow.latitude,birth.place.countryNow.longitude,birth.place.continent.en,birth.place.continent.no,birth.place.continent.se,birth.place.locationString.en,birth.place.locationString.no,birth.place.locationString.se,wikipedia.slug,wikipedia.english,wikidata.id,wikidata.url,death.date,death.place.city.en,death.place.city.no,death.place.city.se,death.place.country.en,death.place.country.no,death.place.country.se,death.place.country.sameAs,death.place.cityNow.en,death.place.cityNow.no,death.place.cityNow.se,death.place.cityNow.sameAs,death.place.cityNow.latitude,death.place.cityNow.longitude,death.place.countryNow.en,death.place.countryNow.no,death.place.countryNow.se,death.place.countryNow.sameAs,death.place.countryNow.latitude,death.place.countryNow.longitude,death.place.continent.en,death.place.continent.no,death.place.continent.se,death.place.locationString.en,death.place.locationString.no,death.place.locationString.se
745,spence,male,"['https://www.wikidata.org/wiki/Q157245', 'https://en.wikipedia.org/wiki/Michael_Spence']","[{'rel': 'laureate', 'href': 'https://api.nobelprize.org/2/laureate/745', 'action': 'GET', 'types': 'application/json'}, {'rel': 'external', 'href': 'https://www.nobelprize.org/laureate/745', 'title': 'A. Michael Spence - Facts', 'action': 'GET', 'types': 'text/html', 'class': ['laureate facts']}]","[{'awardYear': '2001', 'category': {'en': 'Economic Sciences', 'no': 'Økonomi', 'se': 'Ekonomi'}, 'categoryFullName': {'en': 'The Sveriges Riksbank Prize in Economic Sciences in Memory of Alfred Nobel', 'no': 'Sveriges Riksbanks pris i økonomisk vitenskap til minne om Alfred Nobel', 'se': 'Sveriges Riksbanks pris i ekonomisk vetenskap till Alfred Nobels minne'}, 'sortOrder': '2', 'portion': '1/3', 'dateAwarded': '2001-10-10', 'prizeStatus': 'received', 'motivation': {'en': 'for their analyses of markets with asymmetric information', 'se': 'för deras analys av marknader med assymetrisk informations'}, 'prizeAmount': 10000000, 'prizeAmountAdjusted': 15547541, 'affiliations': [{'name': {'en': 'Stanford University', 'no': 'Stanford University', 'se': 'Stanford University'}, 'nameNow': {'en': 'Stanford University'}, 'city': {'en': 'Stanford, CA', 'no': 'Stanford, CA', 'se': 'Stanford, CA'}, 'country': {'en': 'USA', 'no': 'USA', 'se': 'USA'}, 'cityNow': {'en': 'Stanford, CA', 'no': 'Stanford, CA', 'se': 'Stanford, CA', 'sameAs': ['https://www.wikidata.org/wiki/Q173813', 'https://www.wikipedia.org/wiki/Stanford,_California'], 'latitude': '37.424734', 'longitude': '-122.163858'}, 'countryNow': {'en': 'USA', 'no': 'USA', 'se': 'USA', 'sameAs': ['https://www.wikidata.org/wiki/Q30'], 'latitude': '39.828175', 'longitude': '-98.579500'}, 'continent': {'en': 'North America'}, 'locationString': {'en': 'Stanford, CA, USA', 'no': 'Stanford, CA, USA', 'se': 'Stanford, CA, USA'}}], 'links': [{'rel': 'nobelPrize', 'href': 'https://api.nobelprize.org/2/nobelPrize/eco/2001', 'action': 'GET', 'types': 'application/json'}, {'rel': 'external', 'href': 'https://www.nobelprize.org/prizes/economic-sciences/2001/spence/facts/', 'title': 'A. Michael Spence - Facts', 'action': 'GET', 'types': 'text/html', 'class': ['laureate facts']}, {'rel': 'external', 'href': 'https://www.nobelprize.org/prizes/economic-sciences/2001/summary/', 'title': 'The Sveriges Riksbank Prize in Economic Sciences in Memory of Alfred Nobel 2001', 'action': 'GET', 'types': 'text/html', 'class': ['prize summary']}]}]",A. Michael Spence,A. Michael Spence,A. Michael,A. Michael,Spence,Spence,A. Michael Spence,A. Michael Spence,1943-00-00,"Montclair, NJ","Montclair, NJ","Montclair, NJ",USA,USA,USA,"Montclair, NJ","Montclair, NJ","Montclair, NJ","['https://www.wikidata.org/wiki/Q678437', 'https://www.wikipedia.org/wiki/Montclair,_New_Jersey']",40.825930,-74.209030,USA,USA,USA,['https://www.wikidata.org/wiki/Q30'],39.828175,-98.579500,North America,Nord-Amerika,Nordamerika,"Montclair, NJ, USA","Montclair, NJ, USA","Montclair, NJ, USA",Michael_Spence,https://en.wikipedia.org/wiki/Michael_Spence,Q157245,https://www.wikidata.org/wiki/Q157245,,,,,,,,,,,,,,,,,,,,,,,,,,
102,bohr,male,"['https://www.wikidata.org/wiki/Q103854', 'https://en.wikipedia.org/wiki/Aage_Bohr']","[{'rel': 'laureate', 'href': 'https://api.nobelprize.org/2/laureate/102', 'action': 'GET', 'types': 'application/json'}, {'rel': 'external', 'href': 'https://www.nobelprize.org/laureate/102', 'title': 'Aage N. Bohr - Facts', 'action': 'GET', 'types': 'text/html', 'class': ['laureate facts']}]","[{'awardYear': '1975', 'category': {'en': 'Physics', 'no': 'Fysikk', 'se': 'Fysik'}, 'categoryFullName': {'en': 'The Nobel Prize in Physics', 'no': 'Nobelprisen i fysikk', 'se': 'Nobelpriset i fysik'}, 'sortOrder': '1', 'portion': '1/3', 'dateAwarded': '1975-10-17', 'prizeStatus': 'received', 'motivation': {'en': 'for the discovery of the connection between collective motion and particle motion in atomic nuclei and the development of the theory of the structure of the atomic nucleus based on this connection', 'se': 'för upptäckten av sambandet mellan kollektiva rörelser och partikelrörelser i atomkärnor, samt den därpå baserade utvecklingen av teorien för atomkärnans struktur'}, 'prizeAmount': 630000, 'prizeAmountAdjusted': 4304697, 'affiliations': [{'name': {'en': 'Niels Bohr Institute', 'no': 'Niels Bohr Institute', 'se': 'Niels Bohr Institute'}, 'nameNow': {'en': 'Niels Bohr Institute'}, 'city': {'en': 'Copenhagen', 'no': 'København', 'se': 'Köpenhamn'}, 'country': {'en': 'Denmark', 'no': 'Danmark', 'se': 'Danmark'}, 'cityNow': {'en': 'Copenhagen', 'no': 'København', 'se': 'Köpenhamn', 'sameAs': ['https://www.wikidata.org/wiki/Q1748', 'https://www.wikipedia.org/wiki/Copenhagen'], 'latitude': '55.678127', 'longitude': '12.572532'}, 'countryNow': {'en': 'Denmark', 'no': 'Danmark', 'se': 'Danmark', 'sameAs': ['https://www.wikidata.org/wiki/Q35'], 'latitude': '56.000000', 'longitude': '10.000000'}, 'continent': {'en': 'Europe'}, 'locationString': {'en': 'Copenhagen, Denmark', 'no': 'København, Danmark', 'se': 'Köpenhamn, Danmark'}}], 'links': [{'rel': 'nobelPrize', 'href': 'https://api.nobelprize.org/2/nobelPrize/phy/1975', 'action': 'GET', 'types': 'application/json'}, {'rel': 'external', 'href': 'https://www.nobelprize.org/prizes/physics/1975/bohr/facts/', 'title': 'Aage N. Bohr - Facts', 'action': 'GET', 'types': 'text/html', 'class': ['laureate facts']}, {'rel': 'external', 'href': 'https://www.nobelprize.org/prizes/physics/1975/summary/', 'title': 'The Nobel Prize in Physics 1975', 'action': 'GET', 'types': 'text/html', 'class': ['prize summary']}]}]",Aage N. Bohr,Aage N. Bohr,Aage N.,Aage N.,Bohr,Bohr,Aage Niels Bohr,Aage Niels Bohr,1922-06-19,Copenhagen,København,Köpenhamn,Denmark,Danmark,Danmark,Copenhagen,København,Köpenhamn,"['https://www.wikidata.org/wiki/Q1748', 'https://www.wikipedia.org/wiki/Copenhagen']",55.678127,12.572532,Denmark,Danmark,Danmark,['https://www.wikidata.org/wiki/Q35'],56.000000,10.000000,Europe,Europa,Europa,"Copenhagen, Denmark","København, Danmark","Köpenhamn, Danmark",Aage_Bohr,https://en.wikipedia.org/wiki/Aage_Bohr,Q103854,https://www.wikidata.org/wiki/Q103854,2009-09-08,Copenhagen,København,Köpenhamn,Denmark,Danmark,Danmark,https://www.wikidata.org/wiki/Q35,Copenhagen,København,Köpenhamn,"['https://www.wikidata.org/wiki/Q1748', 'https://www.wikipedia.org/wiki/Copenhagen']",55.678127,12.572532,Denmark,Danmark,Danmark,['https://www.wikidata.org/wiki/Q35'],56.000000,10.000000,Europe,Europa,Europa,"Copenhagen, Denmark","København, Danmark","Köpenhamn, Danmark"
779,ciechanover,male,"['https://www.wikidata.org/wiki/Q233205', 'https://en.wikipedia.org/wiki/Aaron_Ciechanover']","[{'rel': 'laureate', 'href': 'https://api.nobelprize.org/2/laureate/779', 'action': 'GET', 'types': 'application/json'}, {'rel': 'external', 'href': 'https://www.nobelprize.org/laureate/779', 'title': 'Aaron Ciechanover - Facts', 'action': 'GET', 'types': 'text/html', 'class': ['laureate facts']}]","[{'awardYear': '2004', 'category': {'en': 'Chemistry', 'no': 'Kjemi', 'se': 'Kemi'}, 'categoryFullName': {'en': 'The Nobel Prize in Chemistry', 'no': 'Nobelprisen i kjemi', 'se': 'Nobelpriset i kemi'}, 'sortOrder': '1', 'portion': '1/3', 'dateAwarded': '2004-10-06', 'prizeStatus': 'received', 'motivation': {'en': 'for the discovery of ubiquitin-mediated protein degradation', 'se': 'för upptäckten av ubiquitinmedierad proteinnedbrytning'}, 'prizeAmount': 10000000, 'prizeAmountAdjusted': 14874529, 'affiliations': [{'name': {'en': 'Technion - Israel Institute of Technology', 'no': 'Technion - Israel Institute of Technology', 'se': 'Technion - Israel Institute of Technology'}, 'nameNow': {'en': 'Technion - Israel Institute of Technology'}, 'city': {'en': 'Haifa', 'no': 'Haifa', 'se': 'Haifa'}, 'country': {'en': 'Israel', 'no': 'Israel', 'se': 'Israel'}, 'cityNow': {'en': 'Haifa', 'no': 'Haifa', 'se': 'Haifa', 'sameAs': ['https://www.wikidata.org/wiki/Q41621', 'https://www.wikipedia.org/wiki/Haifa'], 'latitude': '32.794421', 'longitude': '34.990340'}, 'countryNow': {'en': 'Israel', 'no': 'Israel', 'se': 'Israel', 'sameAs': ['https://www.wikidata.org/wiki/Q801'], 'latitude': '31.000000', 'longitude': '35.000000'}, 'continent': {'en': 'Asia'}, 'locationString': {'en': 'Haifa, Israel', 'no': 'Haifa, Israel', 'se': 'Haifa, Israel'}}], 'links': [{'rel': 'nobelPrize', 'href': 'https://api.nobelprize.org/2/nobelPrize/che/2004', 'action': 'GET', 'types': 'application/json'}, {'rel': 'external', 'href': 'https://www.nobelprize.org/prizes/chemistry/2004/ciechanover/facts/', 'title': 'Aaron Ciechanover - Facts', 'action': 'GET', 'types': 'text/html', 'class': ['laureate facts']}, {'rel': 'external', 'href': 'https://www.nobelprize.org/prizes/chemistry/2004/summary/', 'title': 'The Nobel Prize in Chemistry 2004', 'action': 'GET', 'types': 'text/html', 'class': ['prize summary']}]}]",Aaron Ciechanover,Aaron Ciechanover,Aaron,Aaron,Ciechanover,Ciechanover,Aaron Ciechanover,Aaron Ciechanover,1947-10-01,Haifa,Haifa,Haifa,British Protectorate of Palestine,British i Palestina,British Protectorate of Palestine,Haifa,Haifa,Haifa,"['https://www.wikidata.org/wiki/Q41621', 'https://www.wikipedia.org/wiki/Haifa']",32.794421,34.990340,Israel,Israel,Israel,['https://www.wikidata.org/wiki/Q801'],31.000000,35.000000,Asia,Asia,Asien,"Haifa, British Protectorate of Palestine (now Israel)","Haifa, British i Palestina (nå Israel)","Haifa, British Protectorate of Palestine (nu Israel)",Aaron_Ciechanover,https://en.wikipedia.org/wiki/Aaron_Ciechanover,Q233205,https://www.wikidata.org/wiki/Q233205,,,,,,,,,,,,,,,,,,,,,,,,,,
259,klug,male,"['https://www.wikidata.org/wiki/Q190626', 'https://en.wikipedia.org/wiki/Aaron_Klug']","[{'rel': 'laureate', 'href': 'https://api.nobelprize.org/2/laureate/259', 'action': 'GET', 'types': 'application/json'}, {'rel': 'external', 'href': 'https://www.nobelprize.org/laureate/259', 'title': 'Aaron Klug - Facts', 'action': 'GET', 'types': 'text/html', 'class': ['laureate facts']}]","[{'awardYear': '1982', 'category': {'en': 'Chemistry', 'no': 'Kjemi', 'se': 'Kemi'}, 'categoryFullName': {'en': 'The Nobel Prize in Chemistry', 'no': 'Nobelprisen i kjemi', 'se': 'Nobelpriset i kemi'}, 'sortOrder': '1', 'portion': '1', 'dateAwarded': '1982-10-18', 'prizeStatus': 'received', 'motivation': {'en': 'for his development of crystallographic electron microscopy and his structural elucidation of biologically important nucleic acid-protein complexes', 'se': 'för hans utveckling av kristallografisk elektronmikroskopi och hans klarläggande av strukturen hos biologiskt viktiga nukleinsyra-proteinkomplex'}, 'prizeAmount': 1150000, 'prizeAmountAdjusted': 3923237, 'affiliations': [{'name': {'en': 'MRC Laboratory of Molecular Biology', 'no': 'MRC Laboratory of Molecular Biology', 'se': 'MRC Laboratory of Molecular Biology'}, 'nameNow': {'en': 'MRC Laboratory of Molecular Biology'}, 'city': {'en': 'Cambridge', 'no': 'Cambridge', 'se': 'Cambridge'}, 'country': {'en': 'United Kingdom', 'no': 'Storbritannia', 'se': 'Storbritannien'}, 'cityNow': {'en': 'Cambridge', 'no': 'Cambridge', 'se': 'Cambridge', 'sameAs': ['https://www.wikidata.org/wiki/Q350', 'https://www.wikipedia.org/wiki/Cambridge'], 'latitude': '52.194605', 'longitude': '0.135092'}, 'countryNow': {'en': 'United Kingdom', 'no': 'Storbritannia', 'se': 'Storbritannien', 'sameAs': ['https://www.wikidata.org/wiki/Q145'], 'latitude': '54.600000', 'longitude': '-2.000000'}, 'continent': {'en': 'Europe'}, 'locationString': {'en': 'Cambridge, United Kingdom', 'no': 'Cambridge, Storbritannia', 'se': 'Cambridge, Storbritannien'}}], 'links': [{'rel': 'nobelPrize', 'href': 'https://api.nobelprize.org/2/nobelPrize/che/1982', 'action': 'GET', 'types': 'application/json'}, {'rel': 'external', 'href': 'https://www.nobelprize.org/prizes/chemistry/1982/klug/facts/', 'title': 'Aaron Klug - Facts', 'action': 'GET', 'types': 'text/html', 'class': ['laureate facts']}, {'rel': 'external', 'href': 'https://www.nobelprize.org/prizes/chemistry/1982/summary/', 'title': 'The Nobel Prize in Chemistry 1982', 'action': 'GET', 'types': 'text/html', 'class': ['prize summary']}]}]",Aaron Klug,Aaron Klug,Aaron,Aaron,Klug,Klug,Aaron Klug,Aaron Klug,1926-08-11,Zelvas,Zelvas,Zelvas,Lithuania,Litauen,Litauen,Zelvas,Zelvas,Zelvas,"['https://www.wikidata.org/wiki/Q691679', 'https://www.wikipedia.org/wiki/%C5%BDelva']",53.148256,24.816515,Lithuania,Litauen,Litauen,['https://www.wikidata.org/wiki/Q37'],55.200000,24.000000,Europe,Europa,Europa,"Zelvas, Lithuania","Zelvas, Litauen","Zelvas, Litauen",Aaron_Klug,https://en.wikipedia.org/wiki/Aaron_Klug,Q190626,https://www.wikidata.org/wiki/Q190626,2018-11-20,,,,,,,,,,,,,,,,,,,,,,,,,
1004,gurnah,male,"['https://www.wikidata.org/wiki/Q317877', 'https://en.wikipedia.org/wiki/Abdulrazak_Gurnah']","[{'rel': 'laureate', 'href': 'https://api.nobelprize.org/2/laureate/1004', 'action': 'GET', 'types': 'application/json'}, {'rel': 'external', 'href': 'https://www.nobelprize.org/laureate/1004', 'title': 'Abdulrazak Gurnah - Facts', 'action': 'GET', 'types': 'text/html', 'class': ['laureate facts']}]","[{'awardYear': '2021', 'category': {'en': 'Literature', 'no': 'Litteratur', 'se': 'Litteratur'}, 'categoryFullName': {'en': 'The Nobel Prize in Literature', 'no': 'Nobelprisen i litteratur', 'se': 'Nobelpriset i litteratur'}, 'sortOrder': '1', 'portion': '1', 'dateAwarded': '2021-10-07', 'prizeStatus': 'received', 'motivation': {'en': 'for his uncompromising and compassionate penetration of the effects of colonialism and the fate of the refugee in the gulf between cultures and continents'}, 'prizeAmount': 10000000, 'prizeAmountAdjusted': 12096939, 'links': [{'rel': 'nobelPrize', 'href': 'https://api.nobelprize.org/2/nobelPrize/lit/2021', 'action': 'GET', 'types': 'application/json'}, {'rel': 'external', 'href': 'https://www.nobelprize.org/prizes/literature/2021/gurnah/facts/', 'title': 'Abdulrazak Gurnah - Facts', 'action': 'GET', 'types': 'text/html', 'class': ['laureate facts']}, {'rel': 'external', 'href': 'https://www.nobelprize.org/prizes/literature/2021/summary/', 'title': 'The Nobel Prize in Literature 2021', 'action': 'GET', 'types': 'text/html', 'class': ['prize summary']}]}]",Abdulrazak Gurnah,Abdulrazak Gurnah,Abdulrazak,Abdulrazak,Gurnah,Gurnah,Abdulrazak Gurnah,Abdulrazak Gurnah,1948-00-00,,,,,,,,,,,,,,,,,,,,,,,,,Abdulrazak_Gurnah,https://en.wikipedia.org/wiki/Abdulrazak_Gurnah,Q317877,https://www.wikidata.org/wiki/Q317877,,,,,,,,,,,,,,,,,,,,,,,,,,
114,salam,male,"['https://www.wikidata.org/wiki/Q28189', 'https://en.wikipedia.org/wiki/Abdus_Salam']","[{'rel': 'laureate', 'href': 'https://api.nobelprize.org/2/laureate/114', 'action': 'GET', 'types': 'application/json'}, {'rel': 'external', 'href': 'https://www.nobelprize.org/laureate/114', 'title': 'Abdus Salam - Facts', 'action': 'GET', 'types': 'text/html', 'class': ['laureate facts']}]","[{'awardYear': '1979', 'category': {'en': 'Physics', 'no': 'Fysikk', 'se': 'Fysik'}, 'categoryFullName': {'en': 'The Nobel Prize in Physics', 'no': 'Nobelprisen i fysikk', 'se': 'Nobelpriset i fysik'}, 'sortOrder': '2', 'portion': '1/3', 'dateAwarded': '1979-10-15', 'prizeStatus': 'received', 'motivation': {'en': 'for their contributions to the theory of the unified weak and electromagnetic interaction between elementary particles, including, inter alia, the prediction of the weak neutral current', 'se': 'för deras insatser inom teorin för förenad svag och elektromagnetisk växelverkan mellan elementar partiklar, innefattande bl.a. förutsägelsen av den svaga neutrala strömmen'}, 'prizeAmount': 800000, 'prizeAmountAdjusted': 3778486, 'affiliations': [{'name': {'en': 'International Centre for Theoretical Physics', 'no': 'International Centre for Theoretical Physics', 'se': 'International Centre for Theoretical Physics'}, 'nameNow': {'en': 'International Centre for Theoretical Physics'}, 'city': {'en': 'Trieste', 'no': 'Trieste', 'se': 'Trieste'}, 'country': {'en': 'Italy', 'no': 'Italia', 'se': 'Italien'}, 'cityNow': {'en': 'Trieste', 'no': 'Trieste', 'se': 'Trieste', 'sameAs': ['https://www.wikidata.org/wiki/Q546', 'https://www.wikipedia.org/wiki/Trieste'], 'latitude': '45.649433', 'longitude': '13.776623'}, 'countryNow': {'en': 'Italy', 'no': 'Italia', 'se': 'Italien', 'sameAs': ['https://www.wikidata.org/wiki/Q38'], 'latitude': '42.500000', 'longitude': '12.500000'}, 'continent': {'en': 'Europe'}, 'locationString': {'en': 'Trieste, Italy', 'no': 'Trieste, Italia', 'se': 'Trieste, Italien'}}, {'name': {'en': 'Imperial College', 'no': 'Imperial College', 'se': 'Imperial College'}, 'nameNow': {'en': 'Imperial College'}, 'city': {'en': 'London', 'no': 'London', 'se': 'London'}, 'country': {'en': 'United Kingdom', 'no': 'Storbritannia', 'se': 'Storbritannien'}, 'cityNow': {'en': 'London', 'no': 'London', 'se': 'London', 'sameAs': ['https://www.wikidata.org/wiki/Q84', 'https://www.wikipedia.org/wiki/London'], 'latitude': '51.510235', 'longitude': '-0.120852'}, 'countryNow': {'en': 'United Kingdom', 'no': 'Storbritannia', 'se': 'Storbritannien', 'sameAs': ['https://www.wikidata.org/wiki/Q145'], 'latitude': '54.600000', 'longitude': '-2.000000'}, 'continent': {'en': 'Europe'}, 'locationString': {'en': 'London, United Kingdom', 'no': 'London, Storbritannia', 'se': 'London, Storbritannien'}}], 'links': [{'rel': 'nobelPrize', 'href': 'https://api.nobelprize.org/2/nobelPrize/phy/1979', 'action': 'GET', 'types': 'application/json'}, {'rel': 'external', 'href': 'https://www.nobelprize.org/prizes/physics/1979/salam/facts/', 'title': 'Abdus Salam - Facts', 'action': 'GET', 'types': 'text/html', 'class': ['laureate facts']}, {'rel': 'external', 'href': 'https://www.nobelprize.org/prizes/physics/1979/summary/', 'title': 'The Nobel Prize in Physics 1979', 'action': 'GET', 'types': 'text/html', 'class': ['prize summary']}]}]",Abdus Salam,Abdus Salam,Abdus,Abdus,Salam,Salam,Abdus Salam,Abdus Salam,1926-01-29,Jhang Maghiāna,Jhang Maghiāna,Jhang Maghiāna,India,India,Indien,Jhang Maghiāna,Jhang Maghiāna,Jhang Maghiāna,"['https://www.wikidata.org/wiki/Q1026616', 'https://www.wikipedia.org/wiki/Jhang']",31.268056,72.318056,Pakistan,Pakistan,Pakistan,['https://www.wikidata.org/wiki/Q843'],30.000000,71.000000,Asia,Asia,Asien,"Jhang Maghiāna, India (now Pakistan)","Jhang Maghiāna, India (nå Pakistan)","Jhang Maghiāna, Indien (nu Pakistan)",Abdus_Salam,https://en.wikipedia.org/wiki/Abdus_Salam,Q28189,https://www.wikidata.org/wiki/Q28189,1996-11-21,Oxford,Oxford,Oxford,United Kingdom,Storbritannia,Storbritannien,https://www.wikidata.org/wiki/Q145,Oxford,Oxford,Oxford,"['https://www.wikidata.org/wiki/Q34217', 'https://www.wikipedia.org/wiki/Oxford']",51.753363,-1.260979,United Kingdom,Storbritannia,Storbritannien,['https://www.wikidata.org/wiki/Q145'],54.600000,-2.000000,Europe,Europa,Europa,"Oxford, United Kingdom","Oxford, Storbritannia","Oxford, Storbritannien"
982,banerjee,male,"['https://www.wikidata.org/wiki/Q320578', 'https://en.wikipedia.org/wiki/Abhijit_Banerjee']","[{'rel': 'laureate', 'href': 'https://api.nobelprize.org/2/laureate/982', 'action': 'GET', 'types': 'application/json'}, {'rel': 'external', 'href': 'https://www.nobelprize.org/laureate/982', 'title': 'Abhijit Banerjee - Facts', 'action': 'GET', 'types': 'text/html', 'class': ['laureate facts']}]","[{'awardYear': '2019', 'category': {'en': 'Economic Sciences', 'no': 'Økonomi', 'se': 'Ekonomi'}, 'categoryFullName': {'en': 'The Sveriges Riksbank Prize in Economic Sciences in Memory of Alfred Nobel', 'no': 'Sveriges Riksbanks pris i økonomisk vitenskap til minne om Alfred Nobel', 'se': 'Sveriges Riksbanks pris i ekonomisk vetenskap till Alfred Nobels minne'}, 'sortOrder': '1', 'portion': '1/3', 'dateAwarded': '2019-10-14', 'prizeStatus': 'received', 'motivation': {'en': 'for their experimental approach to alleviating global poverty', 'se': 'för deras experimentella ansats för att mildra global fattigdom'}, 'prizeAmount': 9000000, 'prizeAmountAdjusted': 11178104, 'affiliations': [{'name': {'en': 'Massachusetts Institute of Technology (MIT)', 'no': 'Massachusetts Institute of Technology (MIT)', 'se': 'Massachusetts Institute of Technology (MIT)'}, 'nameNow': {'en': 'Massachusetts Institute of Technology (MIT)'}, 'city': {'en': 'Cambridge, MA', 'no': 'Cambridge, MA', 'se': 'Cambridge, MA'}, 'country': {'en': 'USA', 'no': 'USA', 'se': 'USA'}, 'cityNow': {'en': 'Cambridge, MA', 'no': 'Cambridge, MA', 'se': 'Cambridge, MA', 'sameAs': ['https://www.wikidata.org/wiki/Q49111', 'https://www.wikipedia.org/wiki/Cambridge,_Massachusetts'], 'latitude': '42.374024', 'longitude': '-71.107306'}, 'countryNow': {'en': 'USA', 'no': 'USA', 'se': 'USA', 'sameAs': ['https://www.wikidata.org/wiki/Q30'], 'latitude': '39.828175', 'longitude': '-98.579500'}, 'continent': {'en': 'North America'}, 'locationString': {'en': 'Cambridge, MA, USA', 'no': 'Cambridge, MA, USA', 'se': 'Cambridge, MA, USA'}}], 'links': [{'rel': 'nobelPrize', 'href': 'https://api.nobelprize.org/2/nobelPrize/eco/2019', 'action': 'GET', 'types': 'application/json'}, {'rel': 'external', 'href': 'https://www.nobelprize.org/prizes/economic-sciences/2019/banerjee/facts/', 'title': 'Abhijit Banerjee - Facts', 'action': 'GET', 'types': 'text/html', 'class': ['laureate facts']}, {'rel': 'external', 'href': 'https://www.nobelprize.org/prizes/economic-sciences/2019/summary/', 'title': 'The Sveriges Riksbank Prize in Economic Sciences in Memory of Alfred Nobel 2019', 'action': 'GET', 'types': 'text/html', 'class': ['prize summary']}]}]",Abhijit Banerjee,Abhijit Banerjee,Abhijit,Abhijit,Banerjee,Banerjee,Abhijit Banerjee,Abhijit Banerjee,1961-02-21,Mumbai,Mumbai,Mumbai,India,India,Indien,Mumbai,Mumbai,Mumbai,"['https://www.wikidata.org/wiki/Q1156', 'https://www.wikipedia.org/wiki/Mumbai']",19.075833,72.877500,India,India,Indien,['https://www.wikidata.org/wiki/Q668'],22.800000,83.000000,Asia,Asia,Asien,"Mumbai, India","Mumbai, India","Mumbai, Indien",Abhijit_Banerjee,https://en.wikipedia.org/wiki/Abhijit_Banerjee,Q320578,https://www.wikidata.org/wiki/Q320578,,,,,,,,,,,,,,,,,,,,,,,,,,
981,abiy,male,"['https://www.wikidata.org/wiki/Q50365049', 'https://en.wikipedia.org/wiki/Abiy_Ahmed']","[{'rel': 'laureate', 'href': 'https://api.nobelprize.org/2/laureate/981', 'action': 'GET', 'types': 'application/json'}, {'rel': 'external', 'href': 'https://www.nobelprize.org/laureate/981', 'title': 'Abiy Ahmed Ali - Facts', 'action': 'GET', 'types': 'text/html', 'class': ['laureate facts']}]","[{'awardYear': '2019', 'category': {'en': 'Peace', 'no': 'Fred', 'se': 'Fred'}, 'categoryFullName': {'en': 'The Nobel Peace Prize', 'no': 'Nobels fredspris', 'se': 'Nobels fredspris'}, 'sortOrder': '1', 'portion': '1', 'dateAwarded': '2019-10-11', 'prizeStatus': 'received', 'motivation': {'en': 'for his efforts to achieve peace and international cooperation, and in particular for his decisive initiative to resolve the border conflict with neighbouring Eritrea', 'no': 'for hans innsats for fred og mellomstatlig samarbeid, og da særlig for hans avgjørande initiativ for å løsa grensekonflikten med nabolandet Eritrea'}, 'prizeAmount': 9000000, 'prizeAmountAdjusted': 11178104, 'links': [{'rel': 'nobelPrize', 'href': 'https://api.nobelprize.org/2/nobelPrize/pea/2019', 'action': 'GET', 'types': 'application/json'}, {'rel': 'external', 'href': 'https://www.nobelprize.org/prizes/peace/2019/abiy/facts/', 'title': 'Abiy Ahmed Ali - Facts', 'action': 'GET', 'types': 'text/html', 'class': ['laureate facts']}, {'rel': 'external', 'href': 'https://www.nobelprize.org/prizes/peace/2019/summary/', 'title': 'The Nobel Peace Prize 2019', 'action': 'GET', 'types': 'text/html', 'class': ['prize summary']}]}]",Abiy Ahmed Ali,Abiy Ahmed Ali,Abiy,Abiy,Ahmed Ali,Ahmed Ali,Abiy Ahmed Ali,Abiy Ahmed Ali,1976-08-15,Beshasha,Beshasha,Beshasha,Ethiopia,Etiopia,Etiopien,Beshasha,Beshasha,Beshasha,"['https://www.wikidata.org/wiki/Q2899862', 'https://www.wikipedia.org/wiki/Beshasha']",7.795864,36.477062,Ethiopia,Etiopia,Etiopien,['https://www.wikidata.org/wiki/Q115'],9.000000,40.000000,Africa,Afrika,Afrika,"Beshasha, Ethiopia","Beshasha, Etiopia","Beshasha, Etiopien",Abiy_Ahmed,https://en.wikipedia.org/wiki/Abiy_Ahmed,Q50365049,https://www.wikidata.org/wiki/Q50365049,,,,,,,,,,,,,,,,,,,,,,,,,,
843,yonath,female,"['https://www.wikidata.org/wiki/Q7426', 'https://en.wikipedia.org/wiki/Ada_Yonath']","[{'rel': 'laureate', 'href': 'https://api.nobelprize.org/2/laureate/843', 'action': 'GET', 'types': 'application/json'}, {'rel': 'external', 'href': 'https://www.nobelprize.org/laureate/843', 'title': 'Ada E. Yonath - Facts', 'action': 'GET', 'types': 'text/html', 'class': ['laureate facts']}]","[{'awardYear': '2009', 'category': {'en': 'Chemistry', 'no': 'Kjemi', 'se': 'Kemi'}, 'categoryFullName': {'en': 'The Nobel Prize in Chemistry', 'no': 'Nobelprisen i kjemi', 'se': 'Nobelpriset i kemi'}, 'sortOrder': '3', 'portion': '1/3', 'dateAwarded': '2009-10-07', 'prizeStatus': 'received', 'motivation': {'en': 'for studies of the structure and function of the ribosome', 'se': 'för studier av ribosomens struktur och funktion'}, 'prizeAmount': 10000000, 'prizeAmountAdjusted': 13857393, 'affiliations': [{'name': {'en': 'Weizmann Institute of Science', 'no': 'Weizmann Institute of Science', 'se': 'Weizmann Institute of Science'}, 'nameNow': {'en': 'Weizmann Institute of Science'}, 'city': {'en': 'Rehovot', 'no': 'Rehovot', 'se': 'Rehovot'}, 'country': {'en': 'Israel', 'no': 'Israel', 'se': 'Israel'}, 'cityNow': {'en': 'Rehovot', 'no': 'Rehovot', 'se': 'Rehovot', 'sameAs': ['https://www.wikidata.org/wiki/Q207350', 'https://www.wikipedia.org/wiki/Rehovot'], 'latitude': '31.892773', 'longitude': '34.811272'}, 'countryNow': {'en': 'Israel', 'no': 'Israel', 'se': 'Israel', 'sameAs': ['https://www.wikidata.org/wiki/Q801'], 'latitude': '31.000000', 'longitude': '35.000000'}, 'continent': {'en': 'Asia'}, 'locationString': {'en': 'Rehovot, Israel', 'no': 'Rehovot, Israel', 'se': 'Rehovot, Israel'}}], 'links': [{'rel': 'nobelPrize', 'href': 'https://api.nobelprize.org/2/nobelPrize/che/2009', 'action': 'GET', 'types': 'application/json'}, {'rel': 'external', 'href': 'https://www.nobelprize.org/prizes/chemistry/2009/yonath/facts/', 'title': 'Ada E. Yonath - Facts', 'action': 'GET', 'types': 'text/html', 'class': ['laureate facts']}, {'rel': 'external', 'href': 'https://www.nobelprize.org/prizes/chemistry/2009/summary/', 'title': 'The Nobel Prize in Chemistry 2009', 'action': 'GET', 'types': 'text/html', 'class': ['prize summary']}]}]",Ada E. Yonath,Ada E. Yonath,Ada E.,Ada E.,Yonath,Yonath,Ada E. Yonath,Ada E. Yonath,1939-06-22,Jerusalem,Jerusalem,Jerusalem,British Mandate of Palestine,Palestinamandatet,Brittiska Palestinamandatet,Jerusalem,Jerusalem,Jerusalem,"['https://www.wikidata.org/wiki/Q1218', 'https://www.wikipedia.org/wiki/Jerusalem']",31.767983,35.213809,Israel,Israel,Israel,['https://www.wikidata.org/wiki/Q801'],31.000000,35.000000,Asia,Asia,Asien,"Jerusalem, British Mandate of Palestine (now Israel)","Jerusalem, Palestinamandatet (nå Israel)","Jerusalem, Brittiska Palestinamandatet (nu Israel)",Ada_Yonath,https://en.wikipedia.org/wiki/Ada_Yonath,Q7426,https://www.wikidata.org/wiki/Q7426,,,,,,,,,,,,,,,,,,,,,,,,,,
866,riess,male,"['https://www.wikidata.org/wiki/Q106454', 'https://en.wikipedia.org/wiki/Adam_Riess']","[{'rel': 'laureate', 'href': 'https://api.nobelprize.org/2/laureate/866', 'action': 'GET', 'types': 'application/json'}, {'rel': 'external', 'href': 'https://www.nobelprize.org/laureate/866', 'title': 'Adam G. Riess - Facts', 'action': 'GET', 'types': 'text/html', 'class': ['laureate facts']}]","[{'awardYear': '2011', 'category': {'en': 'Physics', 'no': 'Fysikk', 'se': 'Fysik'}, 'categoryFullName': {'en': 'The Nobel Prize in Physics', 'no': 'Nobelprisen i fysikk', 'se': 'Nobelpriset i fysik'}, 'sortOrder': '3', 'portion': '1/4', 'dateAwarded': '2011-10-04', 'prizeStatus': 'received', 'motivation': {'en': 'for the discovery of the accelerating expansion of the Universe through observations of distant supernovae', 'se': 'för upptäckten av universums accelererande expansion genom observationer av avlägsna supernovor'}, 'prizeAmount': 10000000, 'prizeAmountAdjusted': 13335208, 'affiliations': [{'name': {'en': 'Johns Hopkins University', 'no': 'Johns Hopkins University', 'se': 'Johns Hopkins University'}, 'nameNow': {'en': 'Johns Hopkins University'}, 'city': {'en': 'Baltimore, MD', 'no': 'Baltimore, MD', 'se': 'Baltimore, MD'}, 'country': {'en': 'USA', 'no': 'USA', 'se': 'USA'}, 'cityNow': {'en': 'Baltimore, MD', 'no': 'Baltimore, MD', 'se': 'Baltimore, MD', 'sameAs': ['https://www.wikidata.org/wiki/Q5092', 'https://www.wikipedia.org/wiki/Baltimore'], 'latitude': '39.291586', 'longitude': '-76.625305'}, 'countryNow': {'en': 'USA', 'no': 'USA', 'se': 'USA', 'sameAs': ['https://www.wikidata.org/wiki/Q30'], 'latitude': '39.828175', 'longitude': '-98.579500'}, 'continent': {'en': 'North America'}, 'locationString': {'en': 'Baltimore, MD, USA', 'no': 'Baltimore, MD, USA', 'se': 'Baltimore, MD, USA'}}, {'name': {'en': 'Space Telescope Science Institute', 'no': 'Space Telescope Science Institute', 'se': 'Space Telescope Science Institute'}, 'nameNow': {'en': 'Space Telescope Science Institute'}, 'city': {'en': 'Baltimore, MD', 'no': 'Baltimore, MD', 'se': 'Baltimore, MD'}, 'country': {'en': 'USA', 'no': 'USA', 'se': 'USA'}, 'cityNow': {'en': 'Baltimore, MD', 'no': 'Baltimore, MD', 'se': 'Baltimore, MD', 'sameAs': ['https://www.wikidata.org/wiki/Q5092', 'https://www.wikipedia.org/wiki/Baltimore'], 'latitude': '39.291586', 'longitude': '-76.625305'}, 'countryNow': {'en': 'USA', 'no': 'USA', 'se': 'USA', 'sameAs': ['https://www.wikidata.org/wiki/Q30'], 'latitude': '39.828175', 'longitude': '-98.579500'}, 'continent': {'en': 'North America'}, 'locationString': {'en': 'Baltimore, MD, USA', 'no': 'Baltimore, MD, USA', 'se': 'Baltimore, MD, USA'}}], 'links': [{'rel': 'nobelPrize', 'href': 'https://api.nobelprize.org/2/nobelPrize/phy/2011', 'action': 'GET', 'types': 'application/json'}, {'rel': 'external', 'href': 'https://www.nobelprize.org/prizes/physics/2011/riess/facts/', 'title': 'Adam G. Riess - Facts', 'action': 'GET', 'types': 'text/html', 'class': ['laureate facts']}, {'rel': 'external', 'href': 'https://www.nobelprize.org/prizes/physics/2011/summary/', 'title': 'The Nobel Prize in Physics 2011', 'action': 'GET', 'types': 'text/html', 'class': ['prize summary']}]}]",Adam G. Riess,Adam G. Riess,Adam G.,Adam G.,Riess,Riess,Adam G. Riess,Adam G. Riess,1969-12-16,"Washington, D.C.","Washington, D.C.","Washington, D.C.",USA,USA,USA,"Washington, D.C.","Washington, D.C.","Washington, D.C.","['https://www.wikidata.org/wiki/Q61', 'https://www.wikipedia.org/wiki/Washington,_D.C.']",38.899065,-77.036523,USA,USA,USA,['https://www.wikidata.org/wiki/Q30'],39.828175,-98.579500,North America,Nord-Amerika,Nordamerika,"Washington, D.C., USA","Washington, D.C., USA","Washington, D.C., USA",Adam_Riess,https://en.wikipedia.org/wiki/Adam_Riess,Q106454,https://www.wikidata.org/wiki/Q106454,,,,,,,,,,,,,,,,,,,,,,,,,,
199,butenandt,male,"['https://www.wikidata.org/wiki/Q5327', 'https://en.wikipedia.org/wiki/Adolf_Butenandt']","[{'rel': 'laureate', 'href': 'https://api.nobelprize.org/2/laureate/199', 'action': 'GET', 'types': 'application/json'}, {'rel': 'external', 'href': 'https://www.nobelprize.org/laureate/199', 'title': 'Adolf Butenandt - Facts', 'action': 'GET', 'types': 'text/html', 'class': ['laureate facts']}]","[{'awardYear': '1939', 'category': {'en': 'Chemistry', 'no': 'Kjemi', 'se': 'Kemi'}, 'categoryFullName': {'en': 'The Nobel Prize in Chemistry', 'no': 'Nobelprisen i kjemi', 'se': 'Nobelpriset i kemi'}, 'sortOrder': '1', 'portion': '1/2', 'dateAwarded': '1939-11-09', 'prizeStatus': 'received', 'motivation': {'en': 'for his work on sex hormones', 'se': 'för hans arbeten över sexualhormoner'}, 'prizeAmount': 148822, 'prizeAmountAdjusted': 5346318, 'affiliations': [{'name': {'en': 'Kaiser-Wilhelm-Institut (now Max-Planck-Institut) für Biochemie', 'no': 'Kaiser-Wilhelm-Institut (now Max-Planck-Institut) für Biochemie', 'se': 'Kaiser-Wilhelm-Institut (now Max-Planck-Institut) für Biochemie'}, 'nameNow': {'en': 'Kaiser-Wilhelm-Institut (now Max-Planck-Institut) für Biochemie'}, 'city': {'en': 'Berlin-Dahlem', 'no': 'Berlin-Dahlem', 'se': 'Berlin-Dahlem'}, 'country': {'en': 'Germany', 'no': 'Tyskland', 'se': 'Tyskland'}, 'cityNow': {'en': 'Berlin-Dahlem', 'no': 'Berlin-Dahlem', 'se': 'Berlin-Dahlem', 'sameAs': ['https://www.wikidata.org/wiki/Q700541', 'https://www.wikipedia.org/wiki/Dahlem_(Berlin)'], 'latitude': '52.453739', 'longitude': '13.293130'}, 'countryNow': {'en': 'Germany', 'no': 'Tyskland', 'se': 'Tyskland', 'sameAs': ['https://www.wikidata.org/wiki/Q183'], 'latitude': '51.000000', 'longitude': '10.000000'}, 'continent': {'en': 'Europe'}, 'locationString': {'en': 'Berlin-Dahlem, Germany', 'no': 'Berlin-Dahlem, Tyskland', 'se': 'Berlin-Dahlem, Tyskland'}}, {'name': {'en': 'Berlin University', 'no': 'Berlin University', 'se': 'Berlin University'}, 'nameNow': {'en': 'Berlin University'}, 'city': {'en': 'Berlin', 'no': 'Berlin', 'se': 'Berlin'}, 'country': {'en': 'Germany', 'no': 'Tyskland', 'se': 'Tyskland'}, 'cityNow': {'en': 'Berlin', 'no': 'Berlin', 'se': 'Berlin', 'sameAs': ['https://www.wikidata.org/wiki/Q64', 'https://www.wikipedia.org/wiki/Berlin'], 'latitude': '52.522265', 'longitude': '13.406852'}, 'countryNow': {'en': 'Germany', 'no': 'Tyskland', 'se': 'Tyskland', 'sameAs': ['https://www.wikidata.org/wiki/Q183'], 'latitude': '51.000000', 'longitude': '10.000000'}, 'continent': {'en': 'Europe'}, 'locationString': {'en': 'Berlin, Germany', 'no': 'Berlin, Tyskland', 'se': 'Berlin, Tyskland'}}], 'links': [{'rel': 'nobelPrize', 'href': 'https://api.nobelprize.org/2/nobelPrize/che/1939', 'action': 'GET', 'types': 'application/json'}, {'rel': 'external', 'href': 'https://www.nobelprize.org/prizes/chemistry/1939/butenandt/facts/', 'title': 'Adolf Butenandt - Facts', 'action': 'GET', 'types': 'text/html', 'class': ['laureate facts']}, {'rel': 'external', 'href': 'https://www.nobelprize.org/prizes/chemistry/1939/summary/', 'title': 'The Nobel Prize in Chemistry 1939', 'action': 'GET', 'types': 'text/html', 'class': ['prize summary']}]}]",Adolf Butenandt,Adolf Butenandt,Adolf,Adolf,Butenandt,Butenandt,Adolf Friedrich Johann Butenandt,Adolf Friedrich Johann Butenandt,1903-03-24,Bremerhaven-Lehe,Bremerhaven-Lehe,Bremerhaven-Lehe,Germany,Tyskland,Tyskland,Bremerhaven-Lehe,Bremerhaven-Lehe,Bremerhaven-Lehe,"['https://www.wikidata.org/wiki/Q2706', 'https://www.wikipedia.org/wiki/Bremerhaven']",53.550000,8.583333,Germany,Tyskland,Tyskland,['https://www.wikidata.org/wiki/Q183'],51.000000,10.000000,Europe,Europa,Europa,"Bremerhaven-Lehe, Germany","Bremerhaven-Lehe, Tyskland","Bremerhaven-Lehe, Tyskland",Adolf_Butenandt,https://en.wikipedia.org/wiki/Adolf_Butenandt,Q5327,https://www.wikidata.org/wiki/Q5327,1995-01-18,Munich,München,München,Germany,Tyskland,Tyskland,https://www.wikidata.org/wiki/Q183,Munich,München,München,"['https://www.wikidata.org/wiki/Q1726', 'https://www.wikipedia.org/wiki/Munich']",48.134703,11.581995,Germany,Tyskland,Tyskland,['https://www.wikidata.org/wiki/Q183'],51.000000,10.000000,Europe,Europa,Europa,"Munich, Germany","München, Tyskland","München, Tyskland"
164,baeyer,male,"['https://www.wikidata.org/wiki/Q57078', 'https://en.wikipedia.org/wiki/Adolf_von_Baeyer']","[{'rel': 'laureate', 'href': 'https://api.nobelprize.org/2/laureate/164', 'action': 'GET', 'types': 'application/json'}, {'rel': 'external', 'href': 'https://www.nobelprize.org/laureate/164', 'title': 'Adolf von Baeyer - Facts', 'action': 'GET', 'types': 'text/html', 'class': ['laureate facts']}]","[{'awardYear': '1905', 'category': {'en': 'Chemistry', 'no': 'Kjemi', 'se': 'Kemi'}, 'categoryFullName': {'en': 'The Nobel Prize in Chemistry', 'no': 'Nobelprisen i kjemi', 'se': 'Nobelpriset i kemi'}, 'sortOrder': '1', 'portion': '1', 'dateAwarded': '1905-11-09', 'prizeStatus': 'received', 'motivation': {'en': 'in recognition of his services in the advancement of organic chemistry and the chemical industry, through his work on organic dyes and hydroaromatic compounds', 'se': 'såsom ett erkännande av den förtjänst han inlagt om den organiska kemiens och den kemiska industriens utveckling genom sina arbeten rörande organiska färgämnen och hydroaromatiska föreningar'}, 'prizeAmount': 138089, 'prizeAmountAdjusted': 9629677, 'affiliations': [{'name': {'en': 'Munich University', 'no': 'Munich University', 'se': 'Munich University'}, 'nameNow': {'en': 'Munich University'}, 'city': {'en': 'Munich', 'no': 'München', 'se': 'München'}, 'country': {'en': 'Germany', 'no': 'Tyskland', 'se': 'Tyskland'}, 'cityNow': {'en': 'Munich', 'no': 'München', 'se': 'München', 'sameAs': ['https://www.wikidata.org/wiki/Q1726', 'https://www.wikipedia.org/wiki/Munich'], 'latitude': '48.134703', 'longitude': '11.581995'}, 'countryNow': {'en': 'Germany', 'no': 'Tyskland', 'se': 'Tyskland', 'sameAs': ['https://www.wikidata.org/wiki/Q183'], 'latitude': '51.000000', 'longitude': '10.000000'}, 'continent': {'en': 'Europe'}, 'locationString': {'en': 'Munich, Germany', 'no': 'München, Tyskland', 'se': 'München, Tyskland'}}], 'links': [{'rel': 'nobelPrize', 'href': 'https://api.nobelprize.org/2/nobelPrize/che/1905', 'action': 'GET', 'types': 'application/json'}, {'rel': 'external', 'href': 'https://www.nobelprize.org/prizes/chemistry/1905/baeyer/facts/', 'title': 'Adolf von Baeyer - Facts', 'action': 'GET', 'types': 'text/html', 'class': ['laureate facts']}, {'rel': 'external', 'href': 'https://www.nobelprize.org/prizes/chemistry/1905/summary/', 'title': 'The Nobel Prize in Chemistry 1905', 'action': 'GET', 'types': 'text/html', 'class': ['prize summary']}]}]",Adolf von Baeyer,Adolf von Baeyer,Adolf,Adolf,von Baeyer,von Baeyer,Johann Friedrich Wilhelm Adolf von Baeyer,Johann Friedrich Wilhelm Adolf von Baeyer,1835-10-31,Berlin,Berlin,Berlin,Prussia,Preussen,Preussen,Berlin,Berlin,Berlin,"['https://www.wikidata.org/wiki/Q64', 'https://www.wikipedia.org/wiki/Berlin']",52.522265,13.406852,Germany,Tyskland,Tyskland,['https://www.wikidata.org/wiki/Q183'],51.000000,10.000000,Europe,Europa,Europa,"Berlin, Prussia (now Germany)","Berlin, Preussen (nå Tyskland)","Berlin, Preussen (nu Tyskland)",Adolf_von_Baeyer,https://en.wikipedia.org/wiki/Adolf_von_Baeyer,Q57078,https://www.wikidata.org/wiki/Q57078,1917-08-20,Starnberg,Starnberg,Starnberg,Germany,Tyskland,Tyskland,https://www.wikidata.org/wiki/Q183,Starnberg,Starnberg,Starnberg,"['https://www.wikidata.org/wiki/Q61936', 'https://www.wikipedia.org/wiki/Starnberg']",48.000536,11.342857,Germany,Tyskland,Tyskland,['https://www.wikidata.org/wiki/Q183'],51.000000,10.000000,Europe,Europa,Europa,"Starnberg, Germany","Starnberg, Tyskland","Starnberg, Tyskland"
185,windaus,male,"['https://www.wikidata.org/wiki/Q77142', 'https://en.wikipedia.org/wiki/Adolf_Otto_Reinhold_Windaus']","[{'rel': 'laureate', 'href': 'https://api.nobelprize.org/2/laureate/185', 'action': 'GET', 'types': 'application/json'}, {'rel': 'external', 'href': 'https://www.nobelprize.org/laureate/185', 'title': 'Adolf Windaus - Facts', 'action': 'GET', 'types': 'text/html', 'class': ['laureate facts']}]","[{'awardYear': '1928', 'category': {'en': 'Chemistry', 'no': 'Kjemi', 'se': 'Kemi'}, 'categoryFullName': {'en': 'The Nobel Prize in Chemistry', 'no': 'Nobelprisen i kjemi', 'se': 'Nobelpriset i kemi'}, 'sortOrder': '1', 'portion': '1', 'dateAwarded': '1928-11-13', 'prizeStatus': 'received', 'motivation': {'en': 'for the services rendered through his research into the constitution of the sterols and their connection with the vitamins', 'se': 'för hans förtjänster om utforskandet av sterinernas konstitution och deras samband med vitamingruppen'}, 'prizeAmount': 156939, 'prizeAmountAdjusted': 5637915, 'affiliations': [{'name': {'en': 'Goettingen University', 'no': 'Goettingen University', 'se': 'Goettingen University'}, 'nameNow': {'en': 'Goettingen University'}, 'city': {'en': 'Göttingen', 'no': 'Göttingen', 'se': 'Göttingen'}, 'country': {'en': 'Germany', 'no': 'Tyskland', 'se': 'Tyskland'}, 'cityNow': {'en': 'Göttingen', 'no': 'Göttingen', 'se': 'Göttingen', 'sameAs': ['https://www.wikidata.org/wiki/Q3033', 'https://www.wikipedia.org/wiki/G%C3%B6ttingen'], 'latitude': '51.539385', 'longitude': '9.913113'}, 'countryNow': {'en': 'Germany', 'no': 'Tyskland', 'se': 'Tyskland', 'sameAs': ['https://www.wikidata.org/wiki/Q183'], 'latitude': '51.000000', 'longitude': '10.000000'}, 'continent': {'en': 'Europe'}, 'locationString': {'en': 'Göttingen, Germany', 'no': 'Göttingen, Tyskland', 'se': 'Göttingen, Tyskland'}}], 'links': [{'rel': 'nobelPrize', 'href': 'https://api.nobelprize.org/2/nobelPrize/che/1928', 'action': 'GET', 'types': 'application/json'}, {'rel': 'external', 'href': 'https://www.nobelprize.org/prizes/chemistry/1928/windaus/facts/', 'title': 'Adolf Windaus - Facts', 'action': 'GET', 'types': 'text/html', 'class': ['laureate facts']}, {'rel': 'external', 'href': 'https://www.nobelprize.org/prizes/chemistry/1928/summary/', 'title': 'The Nobel Prize in Chemistry 1928', 'action': 'GET', 'types': 'text/html', 'class': ['prize summary']}]}]",Adolf Windaus,Adolf Windaus,Adolf,Adolf,Windaus,Windaus,Adolf Otto Reinhold Windaus,Adolf Otto Reinhold Windaus,1876-12-25,Berlin,Berlin,Berlin,Germany,Tyskland,Tyskland,Berlin,Berlin,Berlin,"['https://www.wikidata.org/wiki/Q64', 'https://www.wikipedia.org/wiki/Berlin']",52.522265,13.406852,Germany,Tyskland,Tyskland,['https://www.wikidata.org/wiki/Q183'],51.000000,10.000000,Europe,Europa,Europa,"Berlin, Germany","Berlin, Tyskland","Berlin, Tyskland",Adolf_Otto_Reinhold_Windaus,https://en.wikipedia.org/wiki/Adolf_Otto_Reinhold_Windaus,Q77142,https://www.wikidata.org/wiki/Q77142,1959-06-09,Göttingen,Göttingen,Göttingen,West Germany,Vest-Tyskland,Västtyskland,,Göttingen,Göttingen,Göttingen,"['https://www.wikidata.org/wiki/Q3033', 'https://www.wikipedia.org/wiki/G%C3%B6ttingen']",51.539385,9.913113,Germany,Tyskland,Tyskland,['https://www.wikidata.org/wiki/Q183'],51.000000,10.000000,Europe,Europa,Europa,"Göttingen, West Germany (now Germany)","Göttingen, Vest-Tyskland (nå Tyskland)","Göttingen, Västtyskland (nu Tyskland)"
541,esquivel,male,"['https://www.wikidata.org/wiki/Q206505', 'https://en.wikipedia.org/wiki/Adolfo_Pérez_Esquivel']","[{'rel': 'laureate', 'href': 'https://api.nobelprize.org/2/laureate/541', 'action': 'GET', 'types': 'application/json'}, {'rel': 'external', 'href': 'https://www.nobelprize.org/laureate/541', 'title': 'Adolfo Pérez Esquivel - Facts', 'action': 'GET', 'types': 'text/html', 'class': ['laureate facts']}]","[{'awardYear': '1980', 'category': {'en': 'Peace', 'no': 'Fred', 'se': 'Fred'}, 'categoryFullName': {'en': 'The Nobel Peace Prize', 'no': 'Nobels fredspris', 'se': 'Nobels fredspris'}, 'sortOrder': '1', 'portion': '1', 'dateAwarded': '1980-10-27', 'prizeStatus': 'received', 'motivation': {'en': 'for being a source of inspiration to repressed people, especially in Latin America', 'no': 'for rollen som inspirator for undertrykte mennesker, særlig i Latin-Amerika'}, 'prizeAmount': 880000, 'prizeAmountAdjusted': 3654081, 'residences': [{'country': {'en': 'Argentina', 'no': 'Argentina', 'se': 'Argentina'}, 'countryNow': {'en': 'Argentina', 'no': 'Argentina', 'se': 'Argentina'}, 'continent': {'en': 'South America'}, 'locationString': {'en': 'Argentina', 'no': 'Argentina', 'se': 'Argentina'}}], 'links': [{'rel': 'nobelPrize', 'href': 'https://api.nobelprize.org/2/nobelPrize/pea/1980', 'action': 'GET', 'types': 'application/json'}, {'rel': 'external', 'href': 'https://www.nobelprize.org/prizes/peace/1980/esquivel/facts/', 'title': 'Adolfo Pérez Esquivel - Facts', 'action': 'GET', 'types': 'text/html', 'class': ['laureate facts']}, {'rel': 'external', 'href': 'https://www.nobelprize.org/prizes/peace/1980/summary/', 'title': 'The Nobel Peace Prize 1980', 'action': 'GET', 'types': 'text/html', 'class': ['prize summary']}]}]",Adolfo Pérez Esquivel,Adolfo Pérez Esquivel,Adolfo,Adolfo,Pérez Esquivel,Pérez Esquivel,Adolfo Pérez Esquivel,Adolfo Pérez Esquivel,1931-11-26,Buenos Aires,Buenos Aires,Buenos Aires,Argentina,Argentina,Argentina,Buenos Aires,Buenos Aires,Buenos Aires,"['https://www.wikidata.org/wiki/Q1486', 'https://www.wikipedia.org/wiki/Buenos_Aires']",-34.603443,-58.396729,Argentina,Argentina,Argentina,['https://www.wikidata.org/wiki/Q414'],-34.000000,-64.000000,South America,Sør-Amerika,Sydamerika,"Buenos Aires, Argentina","Buenos Aires, Argentina","Buenos Aires, Argentina",Adolfo_Pérez_Esquivel,https://en.wikipedia.org/wiki/Adolfo_Pérez_Esquivel,Q206505,https://www.wikidata.org/wiki/Q206505,,,,,,,,,,,,,,,,,,,,,,,,,,
292,zewail,male,"['https://www.wikidata.org/wiki/Q106624', 'https://en.wikipedia.org/wiki/Ahmed_Zewail']","[{'rel': 'laureate', 'href': 'https://api.nobelprize.org/2/laureate/292', 'action': 'GET', 'types': 'application/json'}, {'rel': 'external', 'href': 'https://www.nobelprize.org/laureate/292', 'title': 'Ahmed Zewail - Facts', 'action': 'GET', 'types': 'text/html', 'class': ['laureate facts']}]","[{'awardYear': '1999', 'category': {'en': 'Chemistry', 'no': 'Kjemi', 'se': 'Kemi'}, 'categoryFullName': {'en': 'The Nobel Prize in Chemistry', 'no': 'Nobelprisen i kjemi', 'se': 'Nobelpriset i kemi'}, 'sortOrder': '1', 'portion': '1', 'dateAwarded': '1999-10-12', 'prizeStatus': 'received', 'motivation': {'en': 'for his studies of the transition states of chemical reactions using femtosecond spectroscopy', 'se': 'för hans studier av kemiska reaktioners övergångstillstånd med femtosekundspektroskopi'}, 'prizeAmount': 7900000, 'prizeAmountAdjusted': 12707531, 'affiliations': [{'name': {'en': 'California Institute of Technology (Caltech)', 'no': 'California Institute of Technology (Caltech)', 'se': 'California Institute of Technology (Caltech)'}, 'nameNow': {'en': 'California Institute of Technology (Caltech)'}, 'city': {'en': 'Pasadena, CA', 'no': 'Pasadena, CA', 'se': 'Pasadena, CA'}, 'country': {'en': 'USA', 'no': 'USA', 'se': 'USA'}, 'cityNow': {'en': 'Pasadena, CA', 'no': 'Pasadena, CA', 'se': 'Pasadena, CA', 'sameAs': ['https://www.wikidata.org/wiki/Q485176', 'https://www.wikipedia.org/wiki/Pasadena,_California'], 'latitude': '34.150071', 'longitude': '-118.142111'}, 'countryNow': {'en': 'USA', 'no': 'USA', 'se': 'USA', 'sameAs': ['https://www.wikidata.org/wiki/Q30'], 'latitude': '39.828175', 'longitude': '-98.579500'}, 'continent': {'en': 'North America'}, 'locationString': {'en': 'Pasadena, CA, USA', 'no': 'Pasadena, CA, USA', 'se': 'Pasadena, CA, USA'}}], 'links': [{'rel': 'nobelPrize', 'href': 'https://api.nobelprize.org/2/nobelPrize/che/1999', 'action': 'GET', 'types': 'application/json'}, {'rel': 'external', 'href': 'https://www.nobelprize.org/prizes/chemistry/1999/zewail/facts/', 'title': 'Ahmed Zewail - Facts', 'action': 'GET', 'types': 'text/html', 'class': ['laureate facts']}, {'rel': 'external', 'href': 'https://www.nobelprize.org/prizes/chemistry/1999/summary/', 'title': 'The Nobel Prize in Chemistry 1999', 'action': 'GET', 'types': 'text/html', 'class': ['prize summary']}]}]",Ahmed Zewail,Ahmed Zewail,Ahmed,Ahmed,Zewail,Zewail,Ahmed H. Zewail,Ahmed H. Zewail,1946-02-26,Damanhur,Damanhur,Damanhur,Egypt,Egypt,Egypten,Damanhur,Damanhur,Damanhur,"['https://www.wikidata.org/wiki/Q328153', 'https://www.wikipedia.org/wiki/Damanhur']",31.050000,30.466667,Egypt,Egypt,Egypten,['https://www.wikidata.org/wiki/Q79'],27.000000,29.000000,Africa,Afrika,Afrika,"Damanhur, Egypt","Damanhur, Egypt","Damanhur, Egypten",Ahmed_Zewail,https://en.wikipedia.org/wiki/Ahmed_Zewail,Q106624,https://www.wikidata.org/wiki/Q106624,2016-08-02,"Pasadena, CA","Pasadena, CA","Pasadena, CA",USA,USA,USA,https://www.wikidata.org/wiki/Q30,"Pasadena, CA","Pasadena, CA","Pasadena, CA","['https://www.wikidata.org/wiki/Q485176', 'https://www.wikipedia.org/wiki/Pasadena,_California']",34.150071,-118.142111,USA,USA,USA,['https://www.wikidata.org/wiki/Q30'],39.828175,-98.579500,North America,Nord-Amerika,Nordamerika,"Pasadena, CA, USA","Pasadena, CA, USA","Pasadena, CA, USA"
853,suzuki,male,"['https://www.wikidata.org/wiki/Q105949', 'https://en.wikipedia.org/wiki/Akira_Suzuki_(chemist)']","[{'rel': 'laureate', 'href': 'https://api.nobelprize.org/2/laureate/853', 'action': 'GET', 'types': 'application/json'}, {'rel': 'external', 'href': 'https://www.nobelprize.org/laureate/853', 'title': 'Akira Suzuki - Facts', 'action': 'GET', 'types': 'text/html', 'class': ['laureate facts']}]","[{'awardYear': '2010', 'category': {'en': 'Chemistry', 'no': 'Kjemi', 'se': 'Kemi'}, 'categoryFullName': {'en': 'The Nobel Prize in Chemistry', 'no': 'Nobelprisen i kjemi', 'se': 'Nobelpriset i kemi'}, 'sortOrder': '3', 'portion': '1/3', 'dateAwarded': '2010-10-06', 'prizeStatus': 'received', 'motivation': {'en': 'for palladium-catalyzed cross couplings in organic synthesis', 'se': 'för palladiumkatalyserade korskopplingar i organisk syntes'}, 'prizeAmount': 10000000, 'prizeAmountAdjusted': 13681477, 'affiliations': [{'name': {'en': 'Hokkaido University', 'no': 'Hokkaido University', 'se': 'Hokkaido University'}, 'nameNow': {'en': 'Hokkaido University'}, 'city': {'en': 'Sapporo', 'no': 'Sapporo', 'se': 'Sapporo'}, 'country': {'en': 'Japan', 'no': 'Japan', 'se': 'Japan'}, 'cityNow': {'en': 'Sapporo', 'no': 'Sapporo', 'se': 'Sapporo', 'sameAs': ['https://www.wikidata.org/wiki/Q37951', 'https://www.wikipedia.org/wiki/Sapporo'], 'latitude': '43.062096', 'longitude': '141.354376'}, 'countryNow': {'en': 'Japan', 'no': 'Japan', 'se': 'Japan', 'sameAs': ['https://www.wikidata.org/wiki/Q17'], 'latitude': '35.000000', 'longitude': '136.000000'}, 'continent': {'en': 'Asia'}, 'locationString': {'en': 'Sapporo, Japan', 'no': 'Sapporo, Japan', 'se': 'Sapporo, Japan'}}], 'links': [{'rel': 'nobelPrize', 'href': 'https://api.nobelprize.org/2/nobelPrize/che/2010', 'action': 'GET', 'types': 'application/json'}, {'rel': 'external', 'href': 'https://www.nobelprize.org/prizes/chemistry/2010/suzuki/facts/', 'title': 'Akira Suzuki - Facts', 'action': 'GET', 'types': 'text/html', 'class': ['laureate facts']}, {'rel': 'external', 'href': 'https://www.nobelprize.org/prizes/chemistry/2010/summary/', 'title': 'The Nobel Prize in Chemistry 2010', 'action': 'GET', 'types': 'text/html', 'class': ['prize summary']}]}]",Akira Suzuki,Akira Suzuki,Akira,Akira,Suzuki,Suzuki,Akira Suzuki,Akira Suzuki,1930-09-12,Mukawa,Mukawa,Mukawa,Japan,Japan,Japan,Mukawa,Mukawa,Mukawa,"['https://www.wikidata.org/wiki/Q1187152', 'https://www.wikipedia.org/wiki/Mukawa,_Hokkaido']",42.574750,141.926750,Japan,Japan,Japan,['https://www.wikidata.org/wiki/Q17'],35.000000,136.000000,Asia,Asia,Asien,"Mukawa, Japan","Mukawa, Japan","Mukawa, Japan",Akira_Suzuki_(chemist),https://en.wikipedia.org/wiki/Akira_Suzuki_(chemist),Q105949,https://www.wikidata.org/wiki/Q105949,,,,,,,,,,,,,,,,,,,,,,,,,,
978,yoshino,male,"['https://www.wikidata.org/wiki/Q4701206', 'https://en.wikipedia.org/wiki/Akira_Yoshino']","[{'rel': 'laureate', 'href': 'https://api.nobelprize.org/2/laureate/978', 'action': 'GET', 'types': 'application/json'}, {'rel': 'external', 'href': 'https://www.nobelprize.org/laureate/978', 'title': 'Akira Yoshino - Facts', 'action': 'GET', 'types': 'text/html', 'class': ['laureate facts']}]","[{'awardYear': '2019', 'category': {'en': 'Chemistry', 'no': 'Kjemi', 'se': 'Kemi'}, 'categoryFullName': {'en': 'The Nobel Prize in Chemistry', 'no': 'Nobelprisen i kjemi', 'se': 'Nobelpriset i kemi'}, 'sortOrder': '3', 'portion': '1/3', 'dateAwarded': '2019-10-09', 'prizeStatus': 'received', 'motivation': {'en': 'for the development of lithium-ion batteries', 'se': 'för utveckling av litiumjonbatterier'}, 'prizeAmount': 9000000, 'prizeAmountAdjusted': 11178104, 'affiliations': [{'name': {'en': 'Asahi Kasei Corporation', 'no': 'Asahi Kasei Corporation', 'se': 'Asahi Kasei Corporation'}, 'nameNow': {'en': 'Asahi Kasei Corporation'}, 'city': {'en': 'Tokyo', 'no': 'Tokyo', 'se': 'Tokyo'}, 'country': {'en': 'Japan', 'no': 'Japan', 'se': 'Japan'}, 'cityNow': {'en': 'Tokyo', 'no': 'Tokyo', 'se': 'Tokyo', 'sameAs': ['https://www.wikidata.org/wiki/Q1490', 'https://www.wikipedia.org/wiki/Tokyo'], 'latitude': '35.680183', 'longitude': '139.769373'}, 'countryNow': {'en': 'Japan', 'no': 'Japan', 'se': 'Japan', 'sameAs': ['https://www.wikidata.org/wiki/Q17'], 'latitude': '35.000000', 'longitude': '136.000000'}, 'continent': {'en': 'Asia'}, 'locationString': {'en': 'Tokyo, Japan', 'no': 'Tokyo, Japan', 'se': 'Tokyo, Japan'}}, {'name': {'en': 'Meijo University', 'no': 'Meijo University', 'se': 'Meijo University'}, 'nameNow': {'en': 'Meijo University'}, 'city': {'en': 'Nagoya', 'no': 'Nagoya', 'se': 'Nagoya'}, 'country': {'en': 'Japan', 'no': 'Japan', 'se': 'Japan'}, 'cityNow': {'en': 'Nagoya', 'no': 'Nagoya', 'se': 'Nagoya', 'sameAs': ['https://www.wikidata.org/wiki/Q11751', 'https://www.wikipedia.org/wiki/Nagoya'], 'latitude': '35.180679', 'longitude': '136.918749'}, 'countryNow': {'en': 'Japan', 'no': 'Japan', 'se': 'Japan', 'sameAs': ['https://www.wikidata.org/wiki/Q17'], 'latitude': '35.000000', 'longitude': '136.000000'}, 'continent': {'en': 'Asia'}, 'locationString': {'en': 'Nagoya, Japan', 'no': 'Nagoya, Japan', 'se': 'Nagoya, Japan'}}], 'links': [{'rel': 'nobelPrize', 'href': 'https://api.nobelprize.org/2/nobelPrize/che/2019', 'action': 'GET', 'types': 'application/json'}, {'rel': 'external', 'href': 'https://www.nobelprize.org/prizes/chemistry/2019/yoshino/facts/', 'title': 'Akira Yoshino - Facts', 'action': 'GET', 'types': 'text/html', 'class': ['laureate facts']}, {'rel': 'external', 'href': 'https://www.nobelprize.org/prizes/chemistry/2019/summary/', 'title': 'The Nobel Prize in Chemistry 2019', 'action': 'GET', 'types': 'text/html', 'class': ['prize summary']}]}]",Akira Yoshino,Akira Yoshino,Akira,Akira,Yoshino,Yoshino,Akira Yoshino,Akira Yoshino,1948-01-30,Suita,Suita,Suita,Japan,Japan,Japan,Suita,Suita,Suita,"['https://www.wikidata.org/wiki/Q653510', 'https://www.wikipedia.org/wiki/Suita']",34.764885,135.517349,Japan,Japan,Japan,['https://www.wikidata.org/wiki/Q17'],35.000000,136.000000,Asia,Asia,Asien,"Suita, Japan","Suita, Japan","Suita, Japan",Akira_Yoshino,https://en.wikipedia.org/wiki/Akira_Yoshino,Q4701206,https://www.wikidata.org/wiki/Q4701206,,,,,,,,,,,,,,,,,,,,,,,,,,
819,gore,male,"['https://www.wikidata.org/wiki/Q19673', 'https://en.wikipedia.org/wiki/Al_Gore']","[{'rel': 'laureate', 'href': 'https://api.nobelprize.org/2/laureate/819', 'action': 'GET', 'types': 'application/json'}, {'rel': 'external', 'href': 'https://www.nobelprize.org/laureate/819', 'title': 'Al Gore - Facts', 'action': 'GET', 'types': 'text/html', 'class': ['laureate facts']}]","[{'awardYear': '2007', 'category': {'en': 'Peace', 'no': 'Fred', 'se': 'Fred'}, 'categoryFullName': {'en': 'The Nobel Peace Prize', 'no': 'Nobels fredspris', 'se': 'Nobels fredspris'}, 'sortOrder': '2', 'portion': '1/2', 'dateAwarded': '2007-10-12', 'prizeStatus': 'received', 'motivation': {'en': 'for their efforts to build up and disseminate greater knowledge about man-made climate change, and to lay the foundations for the measures that are needed to counteract such change', 'no': 'for deira innsats for å skape og spreie større kunnskap om menneskeskapte klimaendringar og for å leggje grunnlag for dei tiltaka som krevst for å motverke desse endringane'}, 'prizeAmount': 10000000, 'prizeAmountAdjusted': 14291742, 'residences': [{'country': {'en': 'USA', 'no': 'USA', 'se': 'USA'}, 'countryNow': {'en': 'USA', 'no': 'USA', 'se': 'USA'}, 'continent': {'en': 'North America'}, 'locationString': {'en': 'USA', 'no': 'USA', 'se': 'USA'}}], 'links': [{'rel': 'nobelPrize', 'href': 'https://api.nobelprize.org/2/nobelPrize/pea/2007', 'action': 'GET', 'types': 'application/json'}, {'rel': 'external', 'href': 'https://www.nobelprize.org/prizes/peace/2007/gore/facts/', 'title': 'Al Gore - Facts', 'action': 'GET', 'types': 'text/html', 'class': ['laureate facts']}, {'rel': 'external', 'href': 'https://www.nobelprize.org/prizes/peace/2007/summary/', 'title': 'The Nobel Peace Prize 2007', 'action': 'GET', 'types': 'text/html', 'class': ['prize summary']}]}]",Al Gore,Al Gore,Al,Al,Gore,Gore,Albert Arnold (Al) Gore  Jr.,Albert Arnold (Al) Gore  Jr.,1948-03-31,"Washington, D.C.","Washington, D.C.","Washington, D.C.",USA,USA,USA,"Washington, D.C.","Washington, D.C.","Washington, D.C.","['https://www.wikidata.org/wiki/Q61', 'https://www.wikipedia.org/wiki/Washington,_D.C.']",38.899065,-77.036523,USA,USA,USA,['https://www.wikidata.org/wiki/Q30'],39.828175,-98.579500,North America,Nord-Amerika,Nordamerika,"Washington, D.C., USA","Washington, D.C., USA","Washington, D.C., USA",Al_Gore,https://en.wikipedia.org/wiki/Al_Gore,Q19673,https://www.wikidata.org/wiki/Q19673,,,,,,,,,,,,,,,,,,,,,,,,,,
1012,aspect,male,"['https://www.wikidata.org/wiki/Q364997', 'https://en.wikipedia.org/wiki/Alain_Aspect']","[{'rel': 'laureate', 'href': 'https://api.nobelprize.org/2/laureate/1012', 'action': 'GET', 'types': 'application/json'}, {'rel': 'external', 'href': 'https://www.nobelprize.org/laureate/1012', 'title': 'Alain Aspect - Facts', 'action': 'GET', 'types': 'text/html', 'class': ['laureate facts']}]","[{'awardYear': '2022', 'category': {'en': 'Physics', 'no': 'Fysikk', 'se': 'Fysik'}, 'categoryFullName': {'en': 'The Nobel Prize in Physics', 'no': 'Nobelprisen i fysikk', 'se': 'Nobelpriset i fysik'}, 'sortOrder': '1', 'portion': '1/3', 'dateAwarded': '2022-10-04', 'prizeStatus': 'received', 'motivation': {'en': 'for experiments with entangled photons, establishing the violation of Bell inequalities and  pioneering quantum information science', 'se': 'för experiment med sammanfätade fotoner som påvisat brott mot Bell-olikheter och  banat väg för kvantinformationsvetenskap'}, 'prizeAmount': 10000000, 'prizeAmountAdjusted': 11162900, 'affiliations': [{'name': {'en': 'Institut d’Optique Graduate School – Université Paris-Saclay', 'no': 'Institut d’Optique Graduate School – Université Paris-Saclay', 'se': 'Institut d’Optique Graduate School – Université Paris-Saclay'}, 'nameNow': {'en': 'Institut d’Optique Graduate School – Université Paris-Saclay'}, 'city': {'en': 'Paris', 'no': 'Paris', 'se': 'Paris'}, 'country': {'en': 'France', 'no': 'Frankrike', 'se': 'Frankrike'}, 'cityNow': {'en': 'Paris', 'no': 'Paris', 'se': 'Paris', 'sameAs': ['https://www.wikidata.org/wiki/Q90', 'https://www.wikipedia.org/wiki/Paris'], 'latitude': '48.860093', 'longitude': '2.355954'}, 'countryNow': {'en': 'France', 'no': 'Frankrike', 'se': 'Frankrike', 'sameAs': ['https://www.wikidata.org/wiki/Q142'], 'latitude': '47.000000', 'longitude': '2.000000'}, 'continent': {'en': 'Europe'}, 'locationString': {'en': 'Paris, France', 'no': 'Paris, Frankrike', 'se': 'Paris, Frankrike'}}, {'name': {'en': 'École Polytechnique', 'no': 'École Polytechnique', 'se': 'École Polytechnique'}, 'nameNow': {'en': 'École Polytechnique'}, 'city': {'en': 'Palaiseau', 'no': 'Palaiseau', 'se': 'Palaiseau'}, 'country': {'en': 'France', 'no': 'Frankrike', 'se': 'Frankrike'}, 'cityNow': {'en': 'Palaiseau', 'no': 'Palaiseau', 'se': 'Palaiseau', 'sameAs': ['https://www.wikidata.org/wiki/Q205580', 'https://www.wikipedia.org/wiki/Palaiseau'], 'latitude': '48.714509', 'longitude': '2.245748'}, 'countryNow': {'en': 'France', 'no': 'Frankrike', 'se': 'Frankrike', 'sameAs': ['https://www.wikidata.org/wiki/Q142'], 'latitude': '47.000000', 'longitude': '2.000000'}, 'continent': {'en': 'Europe'}, 'locationString': {'en': 'Palaiseau, France', 'no': 'Palaiseau, Frankrike', 'se': 'Palaiseau, Frankrike'}}], 'links': [{'rel': 'nobelPrize', 'href': 'https://api.nobelprize.org/2/nobelPrize/phy/2022', 'action': 'GET', 'types': 'application/json'}, {'rel': 'external', 'href': 'https://www.nobelprize.org/prizes/physics/2022/aspect/facts/', 'title': 'Alain Aspect - Facts', 'action': 'GET', 'types': 'text/html', 'class': ['laureate facts']}, {'rel': 'external', 'href': 'https://www.nobelprize.org/prizes/physics/2022/summary/', 'title': 'The Nobel Prize in Physics 2022', 'action': 'GET', 'types': 'text/html', 'class': ['prize summary']}]}]",Alain Aspect,Alain Aspect,Alain,Alain,Aspect,Aspect,Alain Aspect,Alain Aspect,1947-06-15,Agen,Agen,Agen,France,Frankrike,Frankrike,Agen,Agen,Agen,"['https://www.wikidata.org/wiki/Q6625', 'https://www.wikipedia.org/wiki/Agen']",44.203056,0.618611,France,Frankrike,Frankrike,['https://www.wikidata.org/wiki/Q142'],47.000000,2.000000,Europe,Europa,Europa,"Agen, France","Agen, Frankrike","Agen, Frankrike",Alain_Aspect,https://en.wikipedia.org/wiki/Alain_Aspect,Q364997,https://www.wikidata.org/wiki/Q364997,,,,,,,,,,,,,,,,,,,,,,,,,,
729,heeger,male,"['https://www.wikidata.org/wiki/Q106751', 'https://en.wikipedia.org/wiki/Alan_J._Heeger']","[{'rel': 'laureate', 'href': 'https://api.nobelprize.org/2/laureate/729', 'action': 'GET', 'types': 'application/json'}, {'rel': 'external', 'href': 'https://www.nobelprize.org/laureate/729', 'title': 'Alan Heeger - Facts', 'action': 'GET', 'types': 'text/html', 'class': ['laureate facts']}]","[{'awardYear': '2000', 'category': {'en': 'Chemistry', 'no': 'Kjemi', 'se': 'Kemi'}, 'categoryFullName': {'en': 'The Nobel Prize in Chemistry', 'no': 'Nobelprisen i kjemi', 'se': 'Nobelpriset i kemi'}, 'sortOrder': '1', 'portion': '1/3', 'dateAwarded': '2000-10-10', 'prizeStatus': 'received', 'motivation': {'en': 'for the discovery and development of conductive polymers', 'se': 'för upptäckten och utvecklandet av ledande polymerer'}, 'prizeAmount': 9000000, 'prizeAmountAdjusted': 14331095, 'affiliations': [{'name': {'en': 'University of California', 'no': 'University of California', 'se': 'University of California'}, 'nameNow': {'en': 'University of California'}, 'city': {'en': 'Santa Barbara, CA', 'no': 'Santa Barbara, CA', 'se': 'Santa Barbara, CA'}, 'country': {'en': 'USA', 'no': 'USA', 'se': 'USA'}, 'cityNow': {'en': 'Santa Barbara, CA', 'no': 'Santa Barbara, CA', 'se': 'Santa Barbara, CA', 'sameAs': ['https://www.wikidata.org/wiki/Q159288', 'https://www.wikipedia.org/wiki/Santa_Barbara,_California'], 'latitude': '34.419237', 'longitude': '-119.702479'}, 'countryNow': {'en': 'USA', 'no': 'USA', 'se': 'USA', 'sameAs': ['https://www.wikidata.org/wiki/Q30'], 'latitude': '39.828175', 'longitude': '-98.579500'}, 'continent': {'en': 'North America'}, 'locationString': {'en': 'Santa Barbara, CA, USA', 'no': 'Santa Barbara, CA, USA', 'se': 'Santa Barbara, CA, USA'}}], 'links': [{'rel': 'nobelPrize', 'href': 'https://api.nobelprize.org/2/nobelPrize/che/2000', 'action': 'GET', 'types': 'application/json'}, {'rel': 'external', 'href': 'https://www.nobelprize.org/prizes/chemistry/2000/heeger/facts/', 'title': 'Alan Heeger - Facts', 'action': 'GET', 'types': 'text/html', 'class': ['laureate facts']}, {'rel': 'external', 'href': 'https://www.nobelprize.org/prizes/chemistry/2000/summary/', 'title': 'The Nobel Prize in Chemistry 2000', 'action': 'GET', 'types': 'text/html', 'class': ['prize summary']}]}]",Alan Heeger,Alan Heeger,Alan,Alan,Heeger,Heeger,Alan J. Heeger,Alan J. Heeger,1936-01-22,"Sioux City, IA","Sioux City, IA","Sioux City, IA",USA,USA,USA,"Sioux City, IA","Sioux City, IA","Sioux City, IA","['https://www.wikidata.org/wiki/Q489255', 'https://www.wikipedia.org/wiki/Sioux_City,_Iowa']",42.496681,-96.405876,USA,USA,USA,['https://www.wikidata.org/wiki/Q30'],39.828175,-98.579500,North America,Nord-Amerika,Nordamerika,"Sioux City, IA, USA","Sioux City, IA, USA","Sioux City, IA, USA",Alan_J._Heeger,https://en.wikipedia.org/wiki/Alan_J._Heeger,Q106751,https://www.wikidata.org/wiki/Q106751,,,,,,,,,,,,,,,,,,,,,,,,,,
376,hodgkin,male,"['https://www.wikidata.org/wiki/Q193650', 'https://en.wikipedia.org/wiki/Alan_Lloyd_Hodgkin']","[{'rel': 'laureate', 'href': 'https://api.nobelprize.org/2/laureate/376', 'action': 'GET', 'types': 'application/json'}, {'rel': 'external', 'href': 'https://www.nobelprize.org/laureate/376', 'title': 'Alan Hodgkin - Facts', 'action': 'GET', 'types': 'text/html', 'class': ['laureate facts']}]","[{'awardYear': '1963', 'category': {'en': 'Physiology or Medicine', 'no': 'Fysiologi eller medisin', 'se': 'Fysiologi eller medicin'}, 'categoryFullName': {'en': 'The Nobel Prize in Physiology or Medicine', 'no': 'Nobelprisen i fysiologi eller medisin', 'se': 'Nobelpriset i fysiologi eller medicin'}, 'sortOrder': '2', 'portion': '1/3', 'dateAwarded': '1963-10-17', 'prizeStatus': 'received', 'motivation': {'en': 'for their discoveries concerning the ionic mechanisms involved in excitation and inhibition in the peripheral and central portions of the nerve cell membrane', 'se': 'för deras upptäckter rörande jonmekanismerna vid retning och hämning i nervcellernas perifera och centrala membranavsnitt'}, 'prizeAmount': 265000, 'prizeAmountAdjusted': 3590371, 'affiliations': [{'name': {'en': 'University of Cambridge', 'no': 'University of Cambridge', 'se': 'University of Cambridge'}, 'nameNow': {'en': 'University of Cambridge'}, 'city': {'en': 'Cambridge', 'no': 'Cambridge', 'se': 'Cambridge'}, 'country': {'en': 'United Kingdom', 'no': 'Storbritannia', 'se': 'Storbritannien'}, 'cityNow': {'en': 'Cambridge', 'no': 'Cambridge', 'se': 'Cambridge', 'sameAs': ['https://www.wikidata.org/wiki/Q350', 'https://www.wikipedia.org/wiki/Cambridge'], 'latitude': '52.194605', 'longitude': '0.135092'}, 'countryNow': {'en': 'United Kingdom', 'no': 'Storbritannia', 'se': 'Storbritannien', 'sameAs': ['https://www.wikidata.org/wiki/Q145'], 'latitude': '54.600000', 'longitude': '-2.000000'}, 'continent': {'en': 'Europe'}, 'locationString': {'en': 'Cambridge, United Kingdom', 'no': 'Cambridge, Storbritannia', 'se': 'Cambridge, Storbritannien'}}], 'links': [{'rel': 'nobelPrize', 'href': 'https://api.nobelprize.org/2/nobelPrize/med/1963', 'action': 'GET', 'types': 'application/json'}, {'rel': 'external', 'href': 'https://www.nobelprize.org/prizes/medicine/1963/hodgkin/facts/', 'title': 'Alan Hodgkin - Facts', 'action': 'GET', 'types': 'text/html', 'class': ['laureate facts']}, {'rel': 'external', 'href': 'https://www.nobelprize.org/prizes/medicine/1963/summary/', 'title': 'The Nobel Prize in Physiology or Medicine 1963', 'action': 'GET', 'types': 'text/html', 'class': ['prize summary']}]}]",Alan Hodgkin,Alan Hodgkin,Alan,Alan,Hodgkin,Hodgkin,Alan Lloyd Hodgkin,Alan Lloyd Hodgkin,1914-02-05,Banbury,Banbury,Banbury,United Kingdom,Storbritannia,Storbritannien,Banbury,Banbury,Banbury,"['https://www.wikidata.org/wiki/Q806160', 'https://www.wikipedia.org/wiki/Banbury']",52.061389,-1.339167,United Kingdom,Storbritannia,Storbritannien,['https://www.wikidata.org/wiki/Q145'],54.600000,-2.000000,Europe,Europa,Europa,"Banbury, United Kingdom","Banbury, Storbritannia","Banbury, Storbritannien",Alan_Lloyd_Hodgkin,https://en.wikipedia.org/wiki/Alan_Lloyd_Hodgkin,Q193650,https://www.wikidata.org/wiki/Q193650,1998-12-20,Cambridge,Cambridge,Cambridge,United Kingdom,Storbritannia,Storbritannien,https://www.wikidata.org/wiki/Q145,Cambridge,Cambridge,Cambridge,"['https://www.wikidata.org/wiki/Q350', 'https://www.wikipedia.org/wiki/Cambridge']",52.194605,0.135092,United Kingdom,Storbritannia,Storbritannien,['https://www.wikidata.org/wiki/Q145'],54.600000,-2.000000,Europe,Europa,Europa,"Cambridge, United Kingdom","Cambridge, Storbritannia","Cambridge, Storbritannien"
730,macdiarmid,male,"['https://www.wikidata.org/wiki/Q110942', 'https://en.wikipedia.org/wiki/Alan_MacDiarmid']","[{'rel': 'laureate', 'href': 'https://api.nobelprize.org/2/laureate/730', 'action': 'GET', 'types': 'application/json'}, {'rel': 'external', 'href': 'https://www.nobelprize.org/laureate/730', 'title': 'Alan MacDiarmid - Facts', 'action': 'GET', 'types': 'text/html', 'class': ['laureate facts']}]","[{'awardYear': '2000', 'category': {'en': 'Chemistry', 'no': 'Kjemi', 'se': 'Kemi'}, 'categoryFullName': {'en': 'The Nobel Prize in Chemistry', 'no': 'Nobelprisen i kjemi', 'se': 'Nobelpriset i kemi'}, 'sortOrder': '2', 'portion': '1/3', 'dateAwarded': '2000-10-10', 'prizeStatus': 'received', 'motivation': {'en': 'for the discovery and development of conductive polymers', 'se': 'för upptäckten och utvecklandet av ledande polymerer'}, 'prizeAmount': 9000000, 'prizeAmountAdjusted': 14331095, 'affiliations': [{'name': {'en': 'University of Pennsylvania', 'no': 'University of Pennsylvania', 'se': 'University of Pennsylvania'}, 'nameNow': {'en': 'University of Pennsylvania'}, 'city': {'en': 'Philadelphia, PA', 'no': 'Philadelphia, PA', 'se': 'Philadelphia, PA'}, 'country': {'en': 'USA', 'no': 'USA', 'se': 'USA'}, 'cityNow': {'en': 'Philadelphia, PA', 'no': 'Philadelphia, PA', 'se': 'Philadelphia, PA', 'sameAs': ['https://www.wikidata.org/wiki/Q1345', 'https://www.wikipedia.org/wiki/Philadelphia'], 'latitude': '39.957132', 'longitude': '-75.174342'}, 'countryNow': {'en': 'USA', 'no': 'USA', 'se': 'USA', 'sameAs': ['https://www.wikidata.org/wiki/Q30'], 'latitude': '39.828175', 'longitude': '-98.579500'}, 'continent': {'en': 'North America'}, 'locationString': {'en': 'Philadelphia, PA, USA', 'no': 'Philadelphia, PA, USA', 'se': 'Philadelphia, PA, USA'}}], 'links': [{'rel': 'nobelPrize', 'href': 'https://api.nobelprize.org/2/nobelPrize/che/2000', 'action': 'GET', 'types': 'application/json'}, {'rel': 'external', 'href': 'https://www.nobelprize.org/prizes/chemistry/2000/macdiarmid/facts/', 'title': 'Alan MacDiarmid - Facts', 'action': 'GET', 'types': 'text/html', 'class': ['laureate facts']}, {'rel': 'external', 'href': 'https://www.nobelprize.org/prizes/chemistry/2000/summary/', 'title': 'The Nobel Prize in Chemistry 2000', 'action': 'GET', 'types': 'text/html', 'class': ['prize summary']}]}]",Alan MacDiarmid,Alan MacDiarmid,Alan,Alan,MacDiarmid,MacDiarmid,Alan G. MacDiarmid,Alan G. MacDiarmid,1927-04-14,Masterton,Masterton,Masterton,New Zealand,New Zealand,Nya Zeeland,Masterton,Masterton,Masterton,"['https://www.wikidata.org/wiki/Q1223916', 'https://www.wikipedia.org/wiki/Masterton']",-40.966667,175.650000,New Zealand,New Zealand,Nya Zeeland,['https://www.wikidata.org/wiki/Q664'],-41.200000,174.000000,Oceania,Oseania,Oceanien,"Masterton, New Zealand","Masterton, New Zealand","Masterton, Nya Zeeland",Alan_MacDiarmid,https://en.wikipedia.org/wiki/Alan_MacDiarmid,Q110942,https://www.wikidata.org/wiki/Q110942,2007-02-07,"Drexel Hill, PA","Drexel Hill, PA","Drexel Hill, PA",USA,USA,USA,https://www.wikidata.org/wiki/Q30,"Drexel Hill, PA","Drexel Hill, PA","Drexel Hill, PA","['https://www.wikidata.org/wiki/Q1132763', 'https://www.wikipedia.org/wiki/Drexel_Hill,_Pennsylvania']",39.947056,-75.292130,USA,USA,USA,['https://www.wikidata.org/wiki/Q30'],39.828175,-98.579500,North America,Nord-Amerika,Nordamerika,"Drexel Hill, PA, USA","Drexel Hill, PA, USA","Drexel Hill, PA, USA"
11,michelson,male,"['https://www.wikidata.org/wiki/Q127234', 'https://en.wikipedia.org/wiki/Albert_Abraham_Michelson']","[{'rel': 'laureate', 'href': 'https://api.nobelprize.org/2/laureate/11', 'action': 'GET', 'types': 'application/json'}, {'rel': 'external', 'href': 'https://www.nobelprize.org/laureate/11', 'title': 'Albert A. Michelson - Facts', 'action': 'GET', 'types': 'text/html', 'class': ['laureate facts']}]","[{'awardYear': '1907', 'category': {'en': 'Physics', 'no': 'Fysikk', 'se': 'Fysik'}, 'categoryFullName': {'en': 'The Nobel Prize in Physics', 'no': 'Nobelprisen i fysikk', 'se': 'Nobelpriset i fysik'}, 'sortOrder': '1', 'portion': '1', 'dateAwarded': '1907-11-12', 'prizeStatus': 'received', 'motivation': {'en': 'for his optical precision instruments and the spectroscopic and metrological investigations carried out with their aid', 'se': 'för hans optiska precisionsinstrument och hans därmed utförda spektroskopiska och metrologiska undersökningar'}, 'prizeAmount': 138796, 'prizeAmountAdjusted': 8894198, 'affiliations': [{'name': {'en': 'University of Chicago', 'no': 'University of Chicago', 'se': 'University of Chicago'}, 'nameNow': {'en': 'University of Chicago'}, 'city': {'en': 'Chicago, IL', 'no': 'Chicago, IL', 'se': 'Chicago, IL'}, 'country': {'en': 'USA', 'no': 'USA', 'se': 'USA'}, 'cityNow': {'en': 'Chicago, IL', 'no': 'Chicago, IL', 'se': 'Chicago, IL', 'sameAs': ['https://www.wikidata.org/wiki/Q1297', 'https://www.wikipedia.org/wiki/Chicago'], 'latitude': '41.876228', 'longitude': '-87.638416'}, 'countryNow': {'en': 'USA', 'no': 'USA', 'se': 'USA', 'sameAs': ['https://www.wikidata.org/wiki/Q30'], 'latitude': '39.828175', 'longitude': '-98.579500'}, 'continent': {'en': 'North America'}, 'locationString': {'en': 'Chicago, IL, USA', 'no': 'Chicago, IL, USA', 'se': 'Chicago, IL, USA'}}], 'links': [{'rel': 'nobelPrize', 'href': 'https://api.nobelprize.org/2/nobelPrize/phy/1907', 'action': 'GET', 'types': 'application/json'}, {'rel': 'external', 'href': 'https://www.nobelprize.org/prizes/physics/1907/michelson/facts/', 'title': 'Albert A. Michelson - Facts', 'action': 'GET', 'types': 'text/html', 'class': ['laureate facts']}, {'rel': 'external', 'href': 'https://www.nobelprize.org/prizes/physics/1907/summary/', 'title': 'The Nobel Prize in Physics 1907', 'action': 'GET', 'types': 'text/html', 'class': ['prize summary']}]}]",Albert A. Michelson,Albert A. Michelson,Albert A.,Albert A.,Michelson,Michelson,Albert Abraham Michelson,Albert Abraham Michelson,1852-12-19,Strelno,Strelno,Strelno,Prussia,Preussen,Preussen,Strzelno,Strzelno,Strzelno,"['https://www.wikidata.org/wiki/Q1005414', 'https://www.wikipedia.org/wiki/Strzelno']",52.629444,18.170000,Poland,Polen,Polen,['https://www.wikidata.org/wiki/Q36'],52.000000,19.000000,Europe,Europa,Europa,"Strelno, Prussia (now Strzelno, Poland)","Strelno, Preussen (nå Strzelno, Polen)","Strelno, Preussen (nu Strzelno, Polen)",Albert_Abraham_Michelson,https://en.wikipedia.org/wiki/Albert_Abraham_Michelson,Q127234,https://www.wikidata.org/wiki/Q127234,1931-05-09,"Pasadena, CA","Pasadena, CA","Pasadena, CA",USA,USA,USA,https://www.wikidata.org/wiki/Q30,"Pasadena, CA","Pasadena, CA","Pasadena, CA","['https://www.wikidata.org/wiki/Q485176', 'https://www.wikipedia.org/wiki/Pasadena,_California']",34.150071,-118.142111,USA,USA,USA,['https://www.wikidata.org/wiki/Q30'],39.828175,-98.579500,North America,Nord-Amerika,Nordamerika,"Pasadena, CA, USA","Pasadena, CA, USA","Pasadena, CA, USA"
628,camus,male,"['https://www.wikidata.org/wiki/Q34670', 'https://en.wikipedia.org/wiki/Albert_Camus']","[{'rel': 'laureate', 'href': 'https://api.nobelprize.org/2/laureate/628', 'action': 'GET', 'types': 'application/json'}, {'rel': 'external', 'href': 'https://www.nobelprize.org/laureate/628', 'title': 'Albert Camus - Facts', 'action': 'GET', 'types': 'text/html', 'class': ['laureate facts']}]","[{'awardYear': '1957', 'category': {'en': 'Literature', 'no': 'Litteratur', 'se': 'Litteratur'}, 'categoryFullName': {'en': 'The Nobel Prize in Literature', 'no': 'Nobelprisen i litteratur', 'se': 'Nobelpriset i litteratur'}, 'sortOrder': '1', 'portion': '1', 'dateAwarded': '1957-10-17', 'prizeStatus': 'received', 'motivation': {'en': 'for his important literary production, which with clear-sighted earnestness illuminates the problems of the human conscience in our times', 'se': 'för hans betydelsefulla författarskap, som med skarpsynt allvar belyser mänskliga samvetsproblem i vår tid'}, 'prizeAmount': 208629, 'prizeAmountAdjusted': 3411444, 'residences': [{'country': {'en': 'France', 'no': 'Frankrike', 'se': 'Frankrike'}, 'countryNow': {'en': 'France', 'no': 'Frankrike', 'se': 'Frankrike'}, 'continent': {'en': 'Europe'}, 'locationString': {'en': 'France', 'no': 'Frankrike', 'se': 'Frankrike'}}], 'links': [{'rel': 'nobelPrize', 'href': 'https://api.nobelprize.org/2/nobelPrize/lit/1957', 'action': 'GET', 'types': 'application/json'}, {'rel': 'external', 'href': 'https://www.nobelprize.org/prizes/literature/1957/camus/facts/', 'title': 'Albert Camus - Facts', 'action': 'GET', 'types': 'text/html', 'class': ['laureate facts']}, {'rel': 'external', 'href': 'https://www.nobelprize.org/prizes/literature/1957/summary/', 'title': 'The Nobel Prize in Literature 1957', 'action': 'GET', 'types': 'text/html', 'class': ['prize summary']}]}]",Albert Camus,Albert Camus,Albert,Albert,Camus,Camus,Albert Camus,Albert Camus,1913-11-07,Mondovi,Mondovi,Mondovi,French Algeria,fransk Algerie,Franska Algeriet,Mondovi,Mondovi,Mondovi,"['https://www.wikidata.org/wiki/Q1924629', 'https://www.wikipedia.org/wiki/Dr%C3%A9an']",44.395064,7.819452,Algeria,Algerie,Algeriet,['https://www.wikidata.org/wiki/Q262'],28.000000,1.000000,Africa,Afrika,Afrika,"Mondovi, French Algeria (now Algeria)","Mondovi, fransk Algerie (nå Algerie)","Mondovi, Franska Algeriet (nu Algeriet)",Albert_Camus,https://en.wikipedia.org/wiki/Albert_Camus,Q34670,https://www.wikidata.org/wiki/Q34670,1960-01-04,Sens,Sens,Sens,France,Frankrike,Frankrike,https://www.wikidata.org/wiki/Q142,Sens,Sens,Sens,"['https://www.wikidata.org/wiki/Q212420', 'https://www.wikipedia.org/wiki/Sens']",48.197222,3.283333,France,Frankrike,Frankrike,['https://www.wikidata.org/wiki/Q142'],47.000000,2.000000,Europe,Europa,Europa,"Sens, France","Sens, Frankrike","Sens, Frankrike"
403,claude,male,"['https://www.wikidata.org/wiki/Q233943', 'https://en.wikipedia.org/wiki/Albert_Claude']","[{'rel': 'laureate', 'href': 'https://api.nobelprize.org/2/laureate/403', 'action': 'GET', 'types': 'application/json'}, {'rel': 'external', 'href': 'https://www.nobelprize.org/laureate/403', 'title': 'Albert Claude - Facts', 'action': 'GET', 'types': 'text/html', 'class': ['laureate facts']}]","[{'awardYear': '1974', 'category': {'en': 'Physiology or Medicine', 'no': 'Fysiologi eller medisin', 'se': 'Fysiologi eller medicin'}, 'categoryFullName': {'en': 'The Nobel Prize in Physiology or Medicine', 'no': 'Nobelprisen i fysiologi eller medisin', 'se': 'Nobelpriset i fysiologi eller medicin'}, 'sortOrder': '1', 'portion': '1/3', 'dateAwarded': '1974-10-10', 'prizeStatus': 'received', 'motivation': {'en': 'for their discoveries concerning the structural and functional organization of the cell', 'se': 'för deras upptäckter rörande cellens strukturella och funktionella organisation'}, 'prizeAmount': 550000, 'prizeAmountAdjusted': 4126741, 'affiliations': [{'name': {'en': 'Université Catholique de Louvain', 'no': 'Université Catholique de Louvain', 'se': 'Université Catholique de Louvain'}, 'nameNow': {'en': 'Université Catholique de Louvain'}, 'city': {'en': 'Louvain', 'no': 'Louvain', 'se': 'Louvain'}, 'country': {'en': 'Belgium', 'no': 'Belgia', 'se': 'Belgien'}, 'cityNow': {'en': 'Louvain', 'no': 'Louvain', 'se': 'Louvain', 'sameAs': ['https://www.wikidata.org/wiki/Q118958', 'https://www.wikipedia.org/wiki/Leuven'], 'latitude': '50.883029', 'longitude': '4.713949'}, 'countryNow': {'en': 'Belgium', 'no': 'Belgia', 'se': 'Belgien', 'sameAs': ['https://www.wikidata.org/wiki/Q31'], 'latitude': '50.641111', 'longitude': '4.668056'}, 'continent': {'en': 'Europe'}, 'locationString': {'en': 'Louvain, Belgium', 'no': 'Louvain, Belgia', 'se': 'Louvain, Belgien'}}], 'links': [{'rel': 'nobelPrize', 'href': 'https://api.nobelprize.org/2/nobelPrize/med/1974', 'action': 'GET', 'types': 'application/json'}, {'rel': 'external', 'href': 'https://www.nobelprize.org/prizes/medicine/1974/claude/facts/', 'title': 'Albert Claude - Facts', 'action': 'GET', 'types': 'text/html', 'class': ['laureate facts']}, {'rel': 'external', 'href': 'https://www.nobelprize.org/prizes/medicine/1974/summary/', 'title': 'The Nobel Prize in Physiology or Medicine 1974', 'action': 'GET', 'types': 'text/html', 'class': ['prize summary']}]}]",Albert Claude,Albert Claude,Albert,Albert,Claude,Claude,Albert Claude,Albert Claude,1898-08-24,Longlier,Longlier,Longlier,Belgium,Belgia,Belgien,Longlier,Longlier,Longlier,,,,Belgium,Belgia,Belgien,['https://www.wikidata.org/wiki/Q31'],50.641111,4.668056,Europe,Europa,Europa,"Longlier, Belgium","Longlier, Belgia","Longlier, Belgien",Albert_Claude,https://en.wikipedia.org/wiki/Albert_Claude,Q233943,https://www.wikidata.org/wiki/Q233943,1983-05-22,Brussels,Brussel,Bryssel,Belgium,Belgia,Belgien,https://www.wikidata.org/wiki/Q31,Brussels,Brussel,Bryssel,"['https://www.wikidata.org/wiki/Q239', 'https://www.wikipedia.org/wiki/City_of_Brussels']",50.849243,4.354815,Belgium,Belgia,Belgien,['https://www.wikidata.org/wiki/Q31'],50.641111,4.668056,Europe,Europa,Europa,"Brussels, Belgium","Brussel, Belgia","Bryssel, Belgien"
